,year,doy,month,rainy_day,total_rain,tavg,tmin_avg,tmax_avg,tavg_10_30_between_sum,humid_avg,wind_avg,sunhours_sum,radn_sum,rain_more_10,rain_more_30,rain_more_50,rain_more_70,rain_more_90,rain_more_110,tavg_less_5_count,tavg_less_5_sum,tavg_less_10_count,tavg_less_10_sum,tavg_more_15_count,tavg_more_15_sum,tavg_more_20_count,tavg_more_20_sum,tavg_more_25_count,tavg_more_25_sum,tavg_more_30_count,tavg_more_30_sum,tavg_more_35_count,tavg_more_35_sum,tavg_more_40_count,tavg_more_40_sum
0,2002,1,1,8,73.8,0.4354838709677419,-3.3806451612903223,4.838709677419357,0.0,66.74193548387096,3.0258064516129046,171.8,222.16,3,1,0,0,0,0,25,-26.900000000000002,31,13.499999999999998,0,0.0,0,0.0,0,0.0,0,0.0,0,0.0,0,0.0
1,2002,32,2,3,6.6,2.289285714285714,-3.0464285714285717,8.52857142857143,0.0,53.62499999999999,2.5785714285714283,196.7,226.46,0,0,0,0,0,0,23,28.9,28,64.1,0,0.0,0,0.0,0,0.0,0,0.0,0,0.0,0,0.0
2,2002,60,3,9,40.0,8.438709677419356,2.2290322580645165,15.348387096774196,150.1,52.91290322580645,2.8290322580645157,217.89999999999998,253.741,2,0,0,0,0,0,5,16.2,18,111.50000000000001,0,0.0,0,0.0,0,0.0,0,0.0,0,0.0,0,0.0
3,2002,91,4,6,145.5,13.733333333333333,6.626666666666667,20.886666666666663,393.9,56.186666666666675,2.32,214.1,246.417,3,2,2,0,0,0,0,0.0,2,18.1,10,173.20000000000002,1,20.3,0,0.0,0,0.0,0,0.0,0,0.0
4,2002,121,5,10,106.80000000000001,17.564516129032263,11.764516129032257,23.62580645161291,534.6,65.73548387096773,1.9129032258064513,212.99999999999994,252.239,3,1,1,0,0,0,0,0.0,1,9.9,23,438.30000000000007,11,233.1,0,0.0,0,0.0,0,0.0,0,0.0
5,2002,152,6,8,46.0,21.776666666666667,15.79,28.256666666666668,653.3000000000001,67.18666666666667,1.6033333333333333,231.39999999999998,258.16700000000003,1,0,0,0,0,0,0,0.0,0,0.0,29,638.5,24,548.5999999999999,1,25.2,0,0.0,0,0.0,0,0.0
6,2002,182,7,11,169.8,25.267741935483865,21.53548387096774,30.048387096774192,783.2999999999998,79.71290322580646,1.6290322580645165,152.0,209.40899999999996,5,1,1,0,0,0,0,0.0,0,0.0,31,783.2999999999998,31,783.2999999999998,20,530.6,0,0.0,0,0.0,0,0.0
7,2002,213,8,21,485.59999999999997,24.11290322580645,21.190322580645155,28.348387096774196,747.4999999999999,84.4709677419355,1.4096774193548385,82.30000000000001,160.74099999999999,9,4,3,2,1,1,0,0.0,0,0.0,31,747.4999999999999,29,708.1999999999999,13,350.59999999999997,0,0.0,0,0.0,0,0.0
8,2002,244,9,9,98.1,19.816666666666666,15.110000000000001,26.596666666666668,594.5,80.66666666666669,1.09,155.90000000000003,207.10099999999997,3,1,0,0,0,0,0,0.0,0,0.0,30,594.5,12,276.6,3,76.9,0,0.0,0,0.0,0,0.0
9,2002,274,10,9,23.4,12.119354838709679,6.490322580645162,19.129032258064516,329.90000000000003,71.60967741935485,1.793548387096774,187.70000000000002,232.94,0,0,0,0,0,0,3,14.0,8,45.8,8,133.10000000000002,0,0.0,0,0.0,0,0.0,0,0.0,0,0.0
10,2002,305,11,5,11.3,4.01,-1.3733333333333333,10.459999999999999,12.2,58.536666666666676,2.45,194.60000000000008,233.533,0,0,0,0,0,0,23,69.19999999999999,29,108.1,0,0.0,0,0.0,0,0.0,0,0.0,0,0.0,0,0.0
11,2002,335,12,9,38.8,1.6612903225806452,-2.6999999999999997,6.725806451612904,0.0,67.2709677419355,2.2129032258064516,152.79999999999998,209.56699999999998,0,0,0,0,0,0,25,9.2,31,51.5,0,0.0,0,0.0,0,0.0,0,0.0,0,0.0,0,0.0
12,2003,1,1,9,26.3,-2.096774193548387,-6.354838709677419,2.7161290322580647,0.0,60.59677419354838,2.9612903225806453,190.20000000000002,234.20799999999997,0,0,0,0,0,0,30,-71.39999999999999,31,-65.0,0,0.0,0,0.0,0,0.0,0,0.0,0,0.0,0,0.0
13,2003,32,2,7,53.0,1.9750000000000003,-2.3642857142857143,6.950000000000001,0.0,65.23571428571428,2.1,159.89999999999998,201.5,1,1,0,0,0,0,26,43.300000000000004,28,55.30000000000001,0,0.0,0,0.0,0,0.0,0,0.0,0,0.0,0,0.0
14,2003,60,3,8,47.0,6.235483870967743,0.6548387096774195,12.303225806451612,57.9,63.412903225806446,2.0838709677419356,185.0,231.98399999999998,3,0,0,0,0,0,10,22.800000000000004,28,155.40000000000003,0,0.0,0,0.0,0,0.0,0,0.0,0,0.0,0,0.0
15,2003,91,4,11,180.3,12.93,6.91,19.3,346.19999999999993,63.036666666666655,2.2,196.19999999999996,234.62999999999997,6,1,1,0,0,0,0,0.0,5,41.7,8,136.9,0,0.0,0,0.0,0,0.0,0,0.0,0,0.0
16,2003,121,5,10,218.0,17.932258064516127,11.78709677419355,24.529032258064515,555.9,70.13870967741934,1.4516129032258065,211.29999999999998,247.90699999999998,4,4,2,0,0,0,0,0.0,0,0.0,27,503.70000000000005,8,163.5,0,0.0,0,0.0,0,0.0,0,0.0
17,2003,152,6,10,196.8,21.566666666666666,17.12333333333333,26.76,647.0,74.94333333333334,1.456666666666667,153.10000000000002,203.89299999999994,4,2,1,1,1,0,0,0.0,0,0.0,30,647.0,24,531.8,1,26.1,0,0.0,0,0.0,0,0.0
18,2003,182,7,24,512.0,22.216129032258067,19.13225806451613,26.33870967741936,688.7,85.94516129032259,0.9064516129032258,83.5,162.15800000000002,11,7,5,1,0,0,0,0.0,0,0.0,31,688.7,29,650.6999999999999,2,50.8,0,0.0,0,0.0,0,0.0
19,2003,213,8,19,330.4,23.693548387096776,20.570967741935483,28.09677419354839,734.5,84.53225806451613,1.0129032258064514,102.19999999999999,172.98100000000002,7,2,2,2,1,1,0,0.0,0,0.0,31,734.5,28,676.4000000000001,13,339.2,0,0.0,0,0.0,0,0.0
20,2003,244,9,14,240.6,20.513333333333332,16.633333333333333,25.680000000000003,615.4,83.16000000000001,1.1966666666666668,123.79999999999997,186.908,6,2,1,1,1,1,0,0.0,0,0.0,29,600.5,20,442.0,1,25.1,0,0.0,0,0.0,0,0.0
21,2003,274,10,4,18.3,12.761290322580642,6.790322580645161,20.29354838709677,333.6,66.93225806451612,1.7258064516129035,234.30000000000007,265.652,1,0,0,0,0,0,0,0.0,7,61.99999999999999,7,116.90000000000002,0,0.0,0,0.0,0,0.0,0,0.0,0,0.0
22,2003,305,11,8,40.0,8.709999999999999,3.5933333333333333,14.683333333333332,143.89999999999998,73.74333333333334,1.1566666666666665,122.5,183.90199999999996,1,0,0,0,0,0,5,12.2,19,127.4,1,15.4,0,0.0,0,0.0,0,0.0,0,0.0,0,0.0
23,2003,335,12,4,16.2,2.061290322580645,-2.132258064516129,7.025806451612903,0.0,55.90000000000001,2.8451612903225807,170.60000000000002,220.964,1,0,0,0,0,0,23,13.999999999999998,31,63.89999999999999,0,0.0,0,0.0,0,0.0,0,0.0,0,0.0,0,0.0
24,2004,1,1,6,6.5,-0.9935483870967742,-5.561290322580645,4.883870967741936,0.0,56.88387096774194,2.316129032258064,194.80000000000004,238.71599999999998,0,0,0,0,0,0,31,-30.8,31,-30.8,0,0.0,0,0.0,0,0.0,0,0.0,0,0.0,0,0.0
25,2004,32,2,8,23.2,2.548275862068966,-3.2689655172413787,9.1,0.0,52.486206896551714,2.4344827586206894,214.70000000000002,242.97299999999998,0,0,0,0,0,0,22,23.599999999999998,29,73.9,0,0.0,0,0.0,0,0.0,0,0.0,0,0.0,0,0.0
26,2004,61,3,5,29.6,6.55483870967742,0.051612903225806465,13.490322580645163,71.8,49.125806451612895,2.1096774193548384,226.79999999999998,260.17499999999995,1,0,0,0,0,0,10,6.2,26,141.4,0,0.0,0,0.0,0,0.0,0,0.0,0,0.0,0,0.0
27,2004,92,4,7,89.5,14.206666666666669,7.043333333333335,21.39666666666667,376.6,47.15,2.3233333333333333,248.8,269.99800000000005,4,1,0,0,0,0,0,0.0,6,49.6,15,265.1,2,41.099999999999994,0,0.0,0,0.0,0,0.0,0,0.0
28,2004,122,5,14,116.0,18.216129032258063,13.14838709677419,23.996774193548383,564.6999999999999,65.51612903225808,1.709677419354839,189.39999999999998,234.403,4,1,0,0,0,0,0,0.0,0,0.0,27,507.59999999999997,7,150.8,0,0.0,0,0.0,0,0.0,0,0.0
29,2004,153,6,12,222.79999999999998,22.356666666666666,16.7,28.529999999999994,670.6999999999999,68.85,1.14,173.9,217.40300000000002,5,4,2,0,0,0,0,0.0,0,0.0,30,670.6999999999999,26,598.4,0,0.0,0,0.0,0,0.0,0,0.0
30,2004,183,7,13,279.1,25.76129032258065,21.935483870967747,30.603225806451604,798.6000000000001,79.81290322580647,1.1290322580645158,159.0,215.724,8,3,2,0,0,0,0,0.0,0,0.0,31,798.6000000000001,31,798.6000000000001,17,472.5,0,0.0,0,0.0,0,0.0
31,2004,214,8,16,320.7,24.648387096774197,20.929032258064517,29.78709677419355,764.1000000000001,80.42903225806452,0.9838709677419355,153.9,208.454,7,4,1,1,1,1,0,0.0,0,0.0,31,764.1000000000001,28,706.1000000000003,16,436.7,0,0.0,0,0.0,0,0.0
32,2004,245,9,13,149.5,19.95,15.873333333333335,25.740000000000002,598.5,81.02,1.0833333333333333,125.10000000000001,186.25199999999998,6,2,0,0,0,0,0,0.0,0,0.0,30,598.5,16,344.2,0,0.0,0,0.0,0,0.0,0,0.0
33,2004,275,10,2,2.0,13.093548387096773,6.806451612903225,20.964516129032262,377.20000000000005,72.01290322580645,1.0999999999999999,203.09999999999997,243.81400000000002,0,0,0,0,0,0,0,0.0,3,28.700000000000003,7,112.8,0,0.0,0,0.0,0,0.0,0,0.0,0,0.0
34,2004,306,11,8,23.7,8.03,2.293333333333334,14.4,104.4,72.67,1.6199999999999999,177.4,222.191,0,0,0,0,0,0,3,11.2,22,146.5,0,0.0,0,0.0,0,0.0,0,0.0,0,0.0,0,0.0
35,2004,336,12,7,22.2,1.8483870967741935,-2.8483870967741938,7.474193548387096,0.0,64.04516129032258,2.0,192.20000000000005,236.142,1,0,0,0,0,0,26,26.699999999999996,31,57.3,0,0.0,0,0.0,0,0.0,0,0.0,0,0.0,0,0.0
36,2005,1,1,5,7.3,-1.4580645161290322,-5.764516129032258,3.3774193548387106,0.0,55.490322580645156,3.0999999999999996,202.00000000000003,242.04,0,0,0,0,0,0,31,-45.199999999999996,31,-45.199999999999996,0,0.0,0,0.0,0,0.0,0,0.0,0,0.0,0,0.0
37,2005,32,2,5,26.7,-1.2678571428571428,-5.635714285714284,3.675,0.0,55.56785714285713,2.857142857142857,164.20000000000002,204.967,2,0,0,0,0,0,28,-35.5,28,-35.5,0,0.0,0,0.0,0,0.0,0,0.0,0,0.0,0,0.0
38,2005,60,3,8,41.900000000000006,5.2774193548387105,-0.3903225806451613,11.796774193548387,33.6,54.04516129032257,3.1548387096774193,251.1,276.903,2,0,0,0,0,0,14,21.599999999999998,28,130.00000000000003,0,0.0,0,0.0,0,0.0,0,0.0,0,0.0,0,0.0
39,2005,91,4,7,50.5,13.943333333333335,6.8,21.169999999999995,391.50000000000006,53.486666666666665,2.48,230.7,259.20000000000005,2,0,0,0,0,0,0,0.0,3,26.8,10,182.7,3,68.30000000000001,0,0.0,0,0.0,0,0.0,0,0.0
40,2005,121,5,7,57.1,18.01290322580645,11.629032258064514,25.167741935483868,558.4,61.16774193548387,1.7645161290322582,245.5,273.73299999999995,4,0,0,0,0,0,0,0.0,0,0.0,23,443.2999999999999,9,191.5,0,0.0,0,0.0,0,0.0,0,0.0
41,2005,152,6,12,129.3,23.156666666666663,18.336666666666666,29.166666666666668,694.6999999999999,75.54333333333332,1.366666666666667,196.20000000000002,233.78799999999998,4,1,0,0,0,0,0,0.0,0,0.0,30,694.6999999999999,25,599.5,7,185.29999999999998,0,0.0,0,0.0,0,0.0
42,2005,182,7,16,291.1,25.24838709677419,21.654838709677414,29.83870967741935,782.6999999999999,81.64193548387098,1.2580645161290325,152.6,211.48,6,4,1,1,1,1,0,0.0,0,0.0,31,782.6999999999999,30,764.5,17,462.9,0,0.0,0,0.0,0,0.0
43,2005,213,8,15,334.3,24.645161290322584,21.067741935483877,29.84516129032258,764.0000000000001,85.0516129032258,1.0064516129032257,128.0,191.99100000000004,9,4,2,1,0,0,0,0.0,0,0.0,31,764.0000000000001,30,745.2,15,403.49999999999994,0,0.0,0,0.0,0,0.0
44,2005,244,9,14,138.2,20.69,16.69,26.01,620.7,84.69000000000001,0.9299999999999998,109.8,175.16600000000003,6,1,1,0,0,0,0,0.0,0,0.0,30,620.7,15,350.19999999999993,3,79.3,0,0.0,0,0.0,0,0.0
45,2005,274,10,8,11.2,13.28709677419355,8.341935483870968,19.809677419354838,374.2,76.74193548387096,1.238709677419355,126.6,192.04299999999995,0,0,0,0,0,0,0,0.0,4,37.7,6,107.1,2,40.8,0,0.0,0,0.0,0,0.0,0,0.0
46,2005,305,11,4,11.2,7.58,1.416666666666667,14.363333333333333,97.80000000000001,60.41333333333333,1.8166666666666669,179.10000000000002,222.757,0,0,0,0,0,0,10,38.699999999999996,23,139.60000000000002,1,15.2,0,0.0,0,0.0,0,0.0,0,0.0,0,0.0
47,2005,335,12,4,3.3,-2.6225806451612907,-7.038709677419353,2.2774193548387096,0.0,52.99354838709678,3.0096774193548392,199.4,240.19099999999997,0,0,0,0,0,0,31,-81.30000000000001,31,-81.30000000000001,0,0.0,0,0.0,0,0.0,0,0.0,0,0.0,0,0.0
48,2006,1,1,4,26.299999999999997,0.2387096774193548,-3.980645161290323,5.277419354838709,0.0,59.28709677419354,2.167741935483871,159.29999999999995,213.74600000000004,2,0,0,0,0,0,30,-0.3000000000000007,31,7.3999999999999995,0,0.0,0,0.0,0,0.0,0,0.0,0,0.0,0,0.0
49,2006,32,2,9,31.4,0.8321428571428571,-3.6357142857142866,6.1499999999999995,0.0,57.36785714285714,2.603571428571428,155.3,198.842,0,0,0,0,0,0,24,1.700000000000001,28,23.299999999999997,0,0.0,0,0.0,0,0.0,0,0.0,0,0.0,0,0.0
50,2006,60,3,9,10.1,6.219354838709677,0.16774193548387098,12.893548387096773,41.8,49.048387096774185,2.7935483870967737,227.1,260.988,0,0,0,0,0,0,11,19.6,27,151.0,0,0.0,0,0.0,0,0.0,0,0.0,0,0.0,0,0.0
51,2006,91,4,9,119.2,11.92,6.193333333333333,18.19,280.8,58.44666666666667,2.5433333333333334,157.9,209.768,2,2,0,0,0,0,0,0.0,9,76.8,4,67.6,0,0.0,0,0.0,0,0.0,0,0.0,0,0.0
52,2006,121,5,9,101.89999999999999,18.39677419354839,12.53548387096774,24.88709677419355,570.3000000000001,65.57096774193549,1.5645161290322582,191.89999999999995,236.197,4,1,0,0,0,0,0,0.0,0,0.0,29,541.9,8,170.20000000000002,0,0.0,0,0.0,0,0.0,0,0.0
53,2006,152,6,12,83.8,22.586666666666666,17.19,29.16,677.6,71.36666666666666,1.26,200.20000000000002,235.64299999999997,3,0,0,0,0,0,0,0.0,0,0.0,30,677.6,28,639.8000000000001,3,78.6,0,0.0,0,0.0,0,0.0
54,2006,182,7,25,607.8,22.790322580645157,20.258064516129032,26.86451612903226,706.4999999999999,88.89354838709679,0.8806451612903226,49.900000000000006,139.23399999999995,13,6,5,3,1,1,0,0.0,0,0.0,31,706.4999999999999,26,612.4,6,159.60000000000002,0,0.0,0,0.0,0,0.0
55,2006,213,8,9,73.0,26.264516129032256,22.093548387096778,32.02903225806452,814.1999999999999,80.2290322580645,0.8580645161290323,199.39999999999998,238.735,2,0,0,0,0,0,0,0.0,0,0.0,31,814.1999999999999,31,814.1999999999999,21,580.0999999999999,0,0.0,0,0.0,0,0.0
56,2006,244,9,5,34.5,18.17,13.046666666666669,24.819999999999997,545.1,78.88333333333334,0.8299999999999998,157.09999999999997,208.52500000000003,1,0,0,0,0,0,0,0.0,0,0.0,28,518.4,4,88.1,0,0.0,0,0.0,0,0.0,0,0.0
57,2006,274,10,3,28.5,15.816129032258065,9.370967741935482,24.20645161290323,490.3,74.47419354838709,0.8806451612903226,196.69999999999996,238.58400000000003,1,0,0,0,0,0,0,0.0,0,0.0,21,362.8,0,0.0,0,0.0,0,0.0,0,0.0,0,0.0
58,2006,305,11,11,44.0,7.6066666666666665,2.6566666666666667,14.019999999999998,71.0,67.62666666666665,1.62,141.1,196.055,1,0,0,0,0,0,5,18.099999999999998,24,157.2,0,0.0,0,0.0,0,0.0,0,0.0,0,0.0,0,0.0
59,2006,335,12,5,13.8,0.47741935483870973,-4.209677419354839,6.177419354838711,0.0,68.06129032258065,1.8645161290322585,162.50000000000006,216.31799999999998,0,0,0,0,0,0,31,14.800000000000002,31,14.800000000000002,0,0.0,0,0.0,0,0.0,0,0.0,0,0.0,0,0.0
60,2007,1,1,4,10.299999999999999,0.5258064516129032,-3.9709677419354836,6.225806451612903,0.0,60.341935483870955,2.1870967741935488,178.0,226.46999999999997,0,0,0,0,0,0,31,16.299999999999997,31,16.299999999999997,0,0.0,0,0.0,0,0.0,0,0.0,0,0.0,0,0.0
61,2007,32,2,3,40.5,3.446428571428572,-2.2607142857142852,10.071428571428573,0.0,60.02142857142855,2.1392857142857142,181.6,216.94899999999998,2,0,0,0,0,0,18,38.2,28,96.50000000000001,0,0.0,0,0.0,0,0.0,0,0.0,0,0.0,0,0.0
62,2007,60,3,13,77.3,6.196774193548387,1.2548387096774194,12.661290322580648,86.3,62.43870967741937,2.483870967741936,161.6,214.85,3,0,0,0,0,0,11,17.799999999999997,23,105.8,0,0.0,0,0.0,0,0.0,0,0.0,0,0.0,0,0.0
63,2007,91,4,7,28.0,11.990000000000002,5.63,18.766666666666666,296.6,51.656666666666666,2.32,212.39999999999998,245.305,1,0,0,0,0,0,0,0.0,8,63.099999999999994,5,86.2,1,20.0,0,0.0,0,0.0,0,0.0,0,0.0
64,2007,121,5,10,91.2,18.14516129032258,12.119354838709679,24.93225806451613,562.5,60.89677419354838,1.9483870967741936,231.39999999999998,262.82800000000003,3,0,0,0,0,0,0,0.0,0,0.0,28,522.3,6,129.3,0,0.0,0,0.0,0,0.0,0,0.0
65,2007,152,6,10,129.5,21.733333333333334,16.380000000000003,28.076666666666668,652.0,70.13333333333334,1.15,173.09999999999997,217.847,4,2,0,0,0,0,0,0.0,0,0.0,30,652.0,24,541.3,3,76.5,0,0.0,0,0.0,0,0.0
66,2007,182,7,18,230.0,22.67741935483871,19.319354838709685,27.038709677419355,703.0000000000001,83.14193548387098,0.970967741935484,110.1,181.123,6,2,2,1,0,0,0,0.0,0,0.0,31,703.0000000000001,27,627.2,5,130.5,0,0.0,0,0.0,0,0.0
67,2007,213,8,18,277.5,24.96451612903226,21.43548387096774,30.145161290322584,773.9,83.7225806451613,1.0096774193548388,146.6,204.87000000000003,6,2,2,2,0,0,0,0.0,0,0.0,31,773.9,28,718.1,19,504.0,0,0.0,0,0.0,0,0.0
68,2007,244,9,17,357.20000000000005,20.650000000000002,17.30666666666667,25.03333333333334,619.5000000000001,86.49333333333335,0.8833333333333334,84.1,158.157,7,4,2,2,1,0,0,0.0,0,0.0,30,619.5000000000001,18,398.79999999999995,3,76.4,0,0.0,0,0.0,0,0.0
69,2007,274,10,10,15.3,14.306451612903226,9.154838709677419,21.43225806451613,426.3999999999999,76.76451612903226,1.064516129032258,160.09999999999997,214.486,0,0,0,0,0,0,0,0.0,2,17.1,14,244.29999999999998,0,0.0,0,0.0,0,0.0,0,0.0,0,0.0
70,2007,305,11,3,5.5,6.31,0.6433333333333334,13.39666666666667,30.799999999999997,64.28999999999999,1.8000000000000003,193.4,233.039,0,0,0,0,0,0,10,24.900000000000006,27,158.5,0,0.0,0,0.0,0,0.0,0,0.0,0,0.0,0,0.0
71,2007,335,12,7,21.0,1.4903225806451612,-2.351612903225807,6.3903225806451625,0.0,71.33548387096774,2.2161290322580647,139.3,199.43399999999997,0,0,0,0,0,0,30,40.8,31,46.199999999999996,0,0.0,0,0.0,0,0.0,0,0.0,0,0.0,0,0.0
72,2008,1,1,6,37.0,-0.3258064516129033,-3.9419354838709677,3.7516129032258068,0.0,59.877419354838715,1.9903225806451614,146.2,204.667,1,0,0,0,0,0,30,-15.400000000000002,31,-10.100000000000001,0,0.0,0,0.0,0,0.0,0,0.0,0,0.0,0,0.0
73,2008,32,2,3,2.6,-0.23103448275862065,-5.03103448275862,5.427586206896552,0.0,42.837931034482764,2.7931034482758625,213.49999999999997,242.517,0,0,0,0,0,0,27,-17.399999999999995,29,-6.699999999999999,0,0.0,0,0.0,0,0.0,0,0.0,0,0.0,0,0.0
74,2008,61,3,5,28.9,7.196774193548387,1.4290322580645163,13.503225806451614,30.999999999999996,55.15806451612902,2.1516129032258067,179.20000000000005,226.29900000000004,1,0,0,0,0,0,6,18.999999999999996,28,192.1,0,0.0,0,0.0,0,0.0,0,0.0,0,0.0,0,0.0
75,2008,92,4,8,34.3,13.486666666666663,6.646666666666667,20.423333333333336,384.99999999999994,53.566666666666656,2.04,197.10000000000002,235.487,1,0,0,0,0,0,0,0.0,2,19.6,10,169.39999999999998,1,20.0,0,0.0,0,0.0,0,0.0,0,0.0
76,2008,122,5,6,48.1,18.22258064516129,11.98709677419355,24.816129032258065,564.9,54.780645161290316,1.7806451612903227,230.60000000000002,261.426,2,0,0,0,0,0,0,0.0,0,0.0,26,498.3,9,195.9,0,0.0,0,0.0,0,0.0,0,0.0
77,2008,153,6,9,154.9,20.549999999999997,16.133333333333336,25.643333333333334,616.4999999999999,70.03666666666666,1.3866666666666665,136.0,192.841,4,2,1,0,0,0,0,0.0,0,0.0,29,602.3,18,393.7,0,0.0,0,0.0,0,0.0,0,0.0
78,2008,183,7,17,183.9,26.177419354838708,22.65161290322581,31.20967741935484,811.5,77.33548387096776,1.103225806451613,135.6,196.66199999999998,5,2,1,0,0,0,0,0.0,0,0.0,31,811.5,31,811.5,23,621.9000000000001,0,0.0,0,0.0,0,0.0
79,2008,214,8,12,255.8,24.180645161290325,20.103225806451615,29.445161290322584,749.6000000000001,74.30645161290325,1.2322580645161292,191.10000000000002,234.83300000000006,5,2,2,1,1,0,0,0.0,0,0.0,31,749.6000000000001,29,713.0000000000001,14,374.70000000000005,0,0.0,0,0.0,0,0.0
80,2008,245,9,9,53.1,20.40333333333334,16.083333333333332,26.720000000000002,612.1000000000001,76.52333333333333,0.89,140.9,196.03900000000004,2,0,0,0,0,0,0,0.0,0,0.0,28,585.7000000000002,23,500.9000000000001,0,0.0,0,0.0,0,0.0,0,0.0
81,2008,275,10,6,44.6,14.658064516129032,9.467741935483874,21.241935483870964,447.5,70.06451612903226,1.2064516129032257,176.4,224.58899999999997,2,0,0,0,0,0,0,0.0,1,6.9,14,235.79999999999998,0,0.0,0,0.0,0,0.0,0,0.0,0,0.0
82,2008,306,11,7,8.5,6.7733333333333325,1.6933333333333331,12.469999999999999,71.89999999999999,63.856666666666655,1.596666666666667,140.2,196.06700000000004,0,0,0,0,0,0,10,22.200000000000003,24,131.3,0,0.0,0,0.0,0,0.0,0,0.0,0,0.0,0,0.0
83,2008,336,12,3,5.0,0.5258064516129032,-4.199999999999999,6.132258064516129,0.0,58.23225806451612,2.164516129032258,173.70000000000002,223.56900000000005,0,0,0,0,0,0,31,16.299999999999997,31,16.299999999999997,0,0.0,0,0.0,0,0.0,0,0.0,0,0.0,0,0.0
84,2009,1,1,5,3.6,-1.72258064516129,-6.493548387096774,3.8064516129032255,0.0,52.8258064516129,2.2516129032258068,169.70000000000005,219.465,0,0,0,0,0,0,31,-53.39999999999999,31,-53.39999999999999,0,0.0,0,0.0,0,0.0,0,0.0,0,0.0,0,0.0
85,2009,32,2,6,25.8,3.432142857142857,-1.6678571428571427,9.135714285714286,0.0,55.753571428571426,2.0464285714285713,129.8,181.688,1,0,0,0,0,0,18,29.4,28,96.1,0,0.0,0,0.0,0,0.0,0,0.0,0,0.0,0,0.0
86,2009,60,3,10,41.3,6.870967741935484,1.1612903225806452,13.051612903225806,91.30000000000001,48.38709677419355,2.532258064516129,195.9,239.03400000000002,1,0,0,0,0,0,12,44.300000000000004,24,121.7,2,32.3,0,0.0,0,0.0,0,0.0,0,0.0,0,0.0
87,2009,91,4,6,39.6,13.330000000000002,6.633333333333334,20.186666666666667,347.70000000000005,46.38666666666665,2.18,209.89999999999998,243.775,1,0,0,0,0,0,0,0.0,6,52.2,10,175.09999999999997,0,0.0,0,0.0,0,0.0,0,0.0,0,0.0
88,2009,121,5,10,116.80000000000001,18.848387096774193,12.532258064516132,25.783870967741937,584.3,54.12258064516128,1.6806451612903224,239.7,268.47200000000004,3,2,1,0,0,0,0,0.0,0,0.0,28,543.5,11,230.10000000000002,0,0.0,0,0.0,0,0.0,0,0.0
89,2009,152,6,10,47.8,22.473333333333336,17.100000000000005,28.553333333333338,674.2,62.133333333333326,1.166666666666667,199.4,237.291,1,0,0,0,0,0,0,0.0,0,0.0,30,674.2,25,578.0,7,181.79999999999998,0,0.0,0,0.0,0,0.0
90,2009,182,7,20,358.9,23.36451612903226,19.735483870967737,28.464516129032262,724.3000000000001,77.24193548387096,1.1677419354838707,119.9,186.24899999999997,8,6,3,2,0,0,0,0.0,0,0.0,31,724.3000000000001,31,724.3000000000001,7,182.4,0,0.0,0,0.0,0,0.0
91,2009,213,8,9,104.69999999999999,23.754838709677415,20.09354838709677,28.577419354838714,736.3999999999999,74.77741935483871,1.1741935483870969,129.4,194.01799999999997,2,1,1,0,0,0,0,0.0,0,0.0,31,736.3999999999999,31,736.3999999999999,8,204.5,0,0.0,0,0.0,0,0.0
92,2009,244,9,6,62.0,20.20333333333333,15.313333333333333,26.403333333333325,606.0999999999999,72.77333333333334,1.0533333333333335,175.29999999999995,218.45200000000003,2,1,0,0,0,0,0,0.0,0,0.0,30,606.0999999999999,14,302.2,0,0.0,0,0.0,0,0.0,0,0.0
93,2009,274,10,4,14.9,13.916129032258063,7.854838709677418,21.622580645161293,431.3999999999999,65.90967741935484,1.3161290322580645,211.79999999999998,249.15000000000003,0,0,0,0,0,0,0,0.0,0,0.0,6,104.8,1,20.0,0,0.0,0,0.0,0,0.0,0,0.0
94,2009,305,11,6,30.6,6.6066666666666665,2.356666666666667,11.703333333333335,117.19999999999999,62.089999999999996,1.9033333333333338,130.0,189.32099999999997,1,0,0,0,0,0,16,43.0,21,81.00000000000001,1,16.6,0,0.0,0,0.0,0,0.0,0,0.0,0,0.0
95,2009,335,12,6,33.2,-0.2612903225806453,-4.306451612903226,4.538709677419354,0.0,55.49999999999999,2.419354838709677,154.7,210.86,1,0,0,0,0,0,28,-31.300000000000004,31,-8.100000000000003,0,0.0,0,0.0,0,0.0,0,0.0,0,0.0,0,0.0
96,2010,1,1,6,17.0,-2.5709677419354837,-6.980645161290322,2.4419354838709677,0.0,55.32903225806451,2.5290322580645164,185.49999999999997,231.81699999999998,0,0,0,0,0,0,31,-79.69999999999999,31,-79.69999999999999,0,0.0,0,0.0,0,0.0,0,0.0,0,0.0,0,0.0
97,2010,32,2,11,69.0,1.1035714285714286,-3.1357142857142857,6.128571428571428,10.8,60.93214285714286,1.9214285714285713,127.5,179.453,3,0,0,0,0,0,24,-1.2999999999999985,27,20.1,0,0.0,0,0.0,0,0.0,0,0.0,0,0.0,0,0.0
98,2010,60,3,14,71.3,4.606451612903226,0.6548387096774194,9.24516129032258,0.0,60.683870967741925,2.3032258064516125,126.99999999999999,192.384,2,0,0,0,0,0,18,52.699999999999996,31,142.8,0,0.0,0,0.0,0,0.0,0,0.0,0,0.0,0,0.0
99,2010,91,4,9,51.9,9.8,3.913333333333334,15.913333333333334,182.3,50.97333333333333,2.2966666666666664,176.5,220.575,3,0,0,0,0,0,2,8.5,16,121.7,1,17.5,0,0.0,0,0.0,0,0.0,0,0.0,0,0.0
100,2010,121,5,9,120.7,17.619354838709675,11.01935483870968,24.44516129032258,546.1999999999999,57.103225806451604,1.687096774193548,227.99999999999997,259.562,3,2,0,0,0,0,0,0.0,0,0.0,28,504.1,7,148.9,0,0.0,0,0.0,0,0.0,0,0.0
101,2010,152,6,7,31.6,22.95,17.220000000000002,29.183333333333337,688.5,63.959999999999994,1.2133333333333334,219.9,249.11100000000002,0,0,0,0,0,0,0,0.0,0,0.0,30,688.5,28,654.2,4,101.2,0,0.0,0,0.0,0,0.0
102,2010,182,7,19,167.2,25.37741935483871,21.945161290322577,29.925806451612896,786.7,79.16774193548387,1.1516129032258065,119.80000000000001,186.809,5,2,0,0,0,0,0,0.0,0,0.0,31,786.7,31,786.7,20,529.0,0,0.0,0,0.0,0,0.0
103,2010,213,8,19,373.1,26.483870967741936,23.46451612903226,31.290322580645164,821.0,84.78064516129034,1.1193548387096772,106.0,176.27599999999998,10,5,2,1,0,0,0,0.0,0,0.0,31,821.0,31,821.0,24,650.4000000000001,0,0.0,0,0.0,0,0.0
104,2010,244,9,15,149.0,20.913333333333334,17.16,26.7,627.4,82.66666666666667,1.04,122.2,184.747,5,1,0,0,0,0,0,0.0,0,0.0,26,572.9000000000001,20,470.29999999999995,5,132.1,0,0.0,0,0.0,0,0.0
105,2010,274,10,7,23.6,13.251612903225807,8.109677419354838,19.806451612903228,379.0,75.09032258064516,1.1838709677419357,152.0,209.03900000000002,0,0,0,0,0,0,2,8.6,6,41.8,9,152.00000000000003,0,0.0,0,0.0,0,0.0,0,0.0,0,0.0
106,2010,305,11,5,10.1,5.7766666666666655,-0.016666666666666708,12.566666666666665,43.099999999999994,56.47666666666666,1.7633333333333334,204.8,240.205,0,0,0,0,0,0,11,26.3,26,130.20000000000002,0,0.0,0,0.0,0,0.0,0,0.0,0,0.0,0,0.0
107,2010,335,12,8,27.2,-0.6548387096774193,-5.1645161290322585,4.3741935483870975,0.0,57.8,2.3451612903225802,173.89999999999998,223.95,1,0,0,0,0,0,28,-38.599999999999994,31,-20.299999999999997,0,0.0,0,0.0,0,0.0,0,0.0,0,0.0,0,0.0
108,2011,1,1,4,2.1,-5.0935483870967735,-9.19032258064516,-0.4999999999999999,0.0,45.38387096774192,3.093548387096774,217.00000000000003,253.475,0,0,0,0,0,0,31,-157.89999999999998,31,-157.89999999999998,0,0.0,0,0.0,0,0.0,0,0.0,0,0.0,0,0.0
109,2011,32,2,3,52.0,1.7678571428571428,-3.785714285714285,7.689285714285714,0.0,53.653571428571425,1.7892857142857144,168.2,207.54899999999998,1,1,0,0,0,0,26,36.1,28,49.5,0,0.0,0,0.0,0,0.0,0,0.0,0,0.0,0,0.0
110,2011,60,3,3,15.0,4.9,-0.39677419354838717,10.796774193548387,35.9,39.545161290322575,2.9258064516129028,256.09999999999997,279.97299999999996,1,0,0,0,0,0,17,39.3,28,115.99999999999999,0,0.0,0,0.0,0,0.0,0,0.0,0,0.0,0,0.0
111,2011,91,4,12,75.1,11.516666666666664,5.463333333333335,17.956666666666667,285.2,48.680000000000014,2.326666666666666,206.5,240.582,2,0,0,0,0,0,0,0.0,8,70.3,2,33.0,0,0.0,0,0.0,0,0.0,0,0.0,0,0.0
112,2011,121,5,10,144.4,17.34193548387097,11.719354838709679,23.46451612903226,537.6,62.464516129032255,1.7193548387096773,175.79999999999998,223.74400000000003,2,2,1,1,0,0,0,0.0,0,0.0,28,495.40000000000003,3,62.0,0,0.0,0,0.0,0,0.0,0,0.0
113,2011,152,6,9,271.0,22.55666666666667,17.5,28.373333333333335,676.7,66.89,1.4066666666666667,187.3,227.164,6,3,1,1,1,1,0,0.0,0,0.0,30,676.7,27,623.4000000000001,4,103.9,0,0.0,0,0.0,0,0.0
114,2011,182,7,22,283.4,24.896774193548392,21.941935483870967,29.167741935483868,771.8000000000002,85.08064516129032,1.0903225806451613,93.10000000000001,167.80999999999997,4,3,2,1,1,0,0,0.0,0,0.0,31,771.8000000000002,31,771.8000000000002,16,422.1,0,0.0,0,0.0,0,0.0
115,2011,213,8,16,198.8,24.700000000000006,21.632258064516126,29.31612903225807,765.7000000000002,86.71612903225805,1.032258064516129,84.30000000000001,162.13100000000003,8,2,0,0,0,0,0,0.0,0,0.0,31,765.7000000000002,31,765.7000000000002,17,448.1,0,0.0,0,0.0,0,0.0
116,2011,244,9,9,59.0,19.85333333333333,15.309999999999999,25.540000000000003,595.5999999999999,77.9366666666667,0.9966666666666667,145.5,200.35,2,1,0,0,0,0,0,0.0,0,0.0,30,595.5999999999999,16,367.0,2,51.1,0,0.0,0,0.0,0,0.0
117,2011,274,10,6,53.1,12.429032258064517,6.893548387096775,19.348387096774196,355.70000000000005,71.23548387096774,1.170967741935484,177.30000000000004,224.958,1,1,0,0,0,0,0,0.0,4,29.6,5,76.8,0,0.0,0,0.0,0,0.0,0,0.0,0,0.0
118,2011,305,11,9,84.8,9.409999999999998,5.329999999999999,14.49,209.1,71.65333333333334,1.47,125.99999999999999,186.70000000000002,3,1,0,0,0,0,7,15.900000000000002,15,73.2,5,85.5,0,0.0,0,0.0,0,0.0,0,0.0,0,0.0
119,2011,335,12,4,11.8,0.2225806451612903,-3.9935483870967747,4.729032258064516,0.0,50.98709677419355,2.374193548387097,194.3,238.77799999999996,0,0,0,0,0,0,27,-14.499999999999998,31,6.8999999999999995,0,0.0,0,0.0,0,0.0,0,0.0,0,0.0,0,0.0
120,2012,1,1,4,20.799999999999997,-1.7451612903225802,-6.0129032258064505,2.825806451612903,0.0,53.677419354838705,2.1451612903225805,180.5,228.08300000000003,1,0,0,0,0,0,31,-54.09999999999999,31,-54.09999999999999,0,0.0,0,0.0,0,0.0,0,0.0,0,0.0,0,0.0
121,2012,32,2,2,0.5,-1.5965517241379314,-6.66551724137931,3.8862068965517236,0.0,48.506896551724125,2.3172413793103446,194.4,228.48900000000003,0,0,0,0,0,0,28,-51.900000000000006,29,-46.30000000000001,0,0.0,0,0.0,0,0.0,0,0.0,0,0.0,0,0.0
122,2012,61,3,11,74.0,5.458064516129034,0.8161290322580644,10.480645161290322,32.2,53.34193548387096,2.548387096774194,192.70000000000002,237.36400000000006,3,0,0,0,0,0,16,53.8,29,147.00000000000003,0,0.0,0,0.0,0,0.0,0,0.0,0,0.0,0,0.0
123,2012,92,4,12,81.4,12.896666666666667,6.693333333333333,19.51666666666667,335.0,49.013333333333335,2.446666666666667,229.09999999999997,256.89099999999996,3,1,0,0,0,0,0,0.0,7,51.9,8,140.6,1,20.6,0,0.0,0,0.0,0,0.0,0,0.0
124,2012,122,5,7,63.8,18.493548387096773,12.919354838709678,25.009677419354837,573.3,57.380645161290325,1.367741935483871,244.80000000000004,272.37399999999997,2,1,0,0,0,0,0,0.0,0,0.0,27,516.6999999999999,8,167.4,0,0.0,0,0.0,0,0.0,0,0.0
125,2012,153,6,9,55.7,21.9,17.43,27.43333333333334,657.0,69.2,1.18,186.59999999999997,226.94400000000002,2,0,0,0,0,0,0,0.0,0,0.0,30,657.0,26,579.9999999999999,0,0.0,0,0.0,0,0.0,0,0.0
126,2012,183,7,13,271.8,25.277419354838703,21.66129032258064,29.819354838709682,783.5999999999998,78.20322580645161,1.1903225806451612,199.79999999999998,243.24,6,5,1,1,1,0,0,0.0,0,0.0,31,783.5999999999998,31,783.5999999999998,16,434.9,0,0.0,0,0.0,0,0.0
127,2012,214,8,19,324.3,25.487096774193553,22.10322580645162,30.296774193548387,790.1000000000001,79.13225806451614,1.1258064516129032,158.5,211.21600000000004,9,5,2,0,0,0,0,0.0,0,0.0,31,790.1000000000001,31,790.1000000000001,20,537.1,0,0.0,0,0.0,0,0.0
128,2012,245,9,12,303.1,19.040000000000003,15.033333333333337,24.613333333333337,571.2,79.49333333333333,1.0033333333333332,165.99999999999994,214.60500000000002,5,4,2,1,1,1,0,0.0,0,0.0,29,556.3000000000001,9,192.70000000000002,0,0.0,0,0.0,0,0.0,0,0.0
129,2012,275,10,5,45.1,12.780645161290325,7.0032258064516135,19.961290322580652,369.30000000000007,70.27741935483871,1.1548387096774193,222.0,256.033,2,0,0,0,0,0,0,0.0,3,26.900000000000002,7,110.6,0,0.0,0,0.0,0,0.0,0,0.0,0,0.0
130,2012,306,11,9,40.3,5.306666666666666,0.9666666666666666,10.473333333333333,20.6,61.99,2.0033333333333334,165.30000000000004,213.817,1,0,0,0,0,0,16,47.900000000000006,28,138.59999999999997,0,0.0,0,0.0,0,0.0,0,0.0,0,0.0,0,0.0
131,2012,336,12,11,42.2,-3.335483870967742,-7.27741935483871,0.9741935483870968,0.0,63.52580645161291,2.2806451612903222,180.39999999999998,227.97500000000002,1,0,0,0,0,0,31,-103.4,31,-103.4,0,0.0,0,0.0,0,0.0,0,0.0,0,0.0,0,0.0
132,2013,1,1,5,38.5,-2.9870967741935477,-7.370967741935483,1.5483870967741935,0.0,61.541935483870965,2.2516129032258068,180.40000000000003,227.33200000000002,1,0,0,0,0,0,31,-92.59999999999998,31,-92.59999999999998,0,0.0,0,0.0,0,0.0,0,0.0,0,0.0,0,0.0
133,2013,32,2,7,29.799999999999997,-0.17142857142857165,-4.657142857142857,5.064285714285715,0.0,52.84285714285715,2.3249999999999997,180.19999999999996,216.373,1,0,0,0,0,0,25,-25.000000000000004,28,-4.800000000000006,0,0.0,0,0.0,0,0.0,0,0.0,0,0.0,0,0.0
134,2013,60,3,7,43.1,6.670967741935484,-0.11935483870967752,14.112903225806452,37.099999999999994,48.50322580645161,2.319354838709677,257.9,281.5,2,0,0,0,0,0,9,27.3,28,169.70000000000002,0,0.0,0,0.0,0,0.0,0,0.0,0,0.0,0,0.0
135,2013,91,4,10,71.4,10.059999999999999,4.029999999999999,16.653333333333332,202.00000000000003,54.160000000000004,2.4166666666666665,235.39999999999998,261.443,3,0,0,0,0,0,3,13.100000000000001,14,99.80000000000001,1,15.1,0,0.0,0,0.0,0,0.0,0,0.0,0,0.0
136,2013,121,5,7,105.6,18.396774193548385,11.95806451612903,25.425806451612903,570.3,60.377419354838715,1.5774193548387099,269.5,287.835,4,1,0,0,0,0,0,0.0,0,0.0,27,519.8,10,217.2,0,0.0,0,0.0,0,0.0,0,0.0
137,2013,152,6,11,125.7,22.879999999999995,18.400000000000002,28.736666666666665,686.3999999999999,72.42666666666666,1.0633333333333332,215.9,247.96899999999997,2,1,1,1,1,0,0,0.0,0,0.0,30,686.3999999999999,29,666.5999999999999,4,100.5,0,0.0,0,0.0,0,0.0
138,2013,182,7,17,157.20000000000002,26.17419354838709,22.693548387096776,31.16129032258064,811.3999999999999,76.88064516129033,1.164516129032258,168.6,220.25100000000003,6,1,1,0,0,0,0,0.0,0,0.0,31,811.3999999999999,31,811.3999999999999,25,666.4000000000001,0,0.0,0,0.0,0,0.0
139,2013,213,8,11,114.0,26.745161290322578,22.361290322580647,32.73225806451613,829.0999999999999,74.68709677419355,1.0903225806451613,247.5,273.511,3,2,0,0,0,0,0,0.0,0,0.0,31,829.0999999999999,31,829.0999999999999,22,611.8999999999999,0,0.0,0,0.0,0,0.0
140,2013,244,9,12,133.7,20.030000000000005,15.439999999999996,26.403333333333332,600.9000000000001,76.80333333333331,0.7866666666666667,168.6,215.83399999999997,5,2,0,0,0,0,0,0.0,0,0.0,30,600.9000000000001,18,381.00000000000006,0,0.0,0,0.0,0,0.0,0,0.0
141,2013,274,10,6,52.6,14.283870967741937,8.654838709677419,21.70645161290323,405.8,71.5741935483871,1.1,210.20000000000002,249.26799999999997,2,1,0,0,0,0,0,0.0,5,47.0,12,217.49999999999997,2,42.0,0,0.0,0,0.0,0,0.0,0,0.0
142,2013,305,11,11,54.0,5.723333333333334,1.3900000000000001,10.95333333333333,60.8,65.49333333333333,1.8833333333333335,175.09999999999997,220.361,3,0,0,0,0,0,14,33.4,25,110.89999999999999,0,0.0,0,0.0,0,0.0,0,0.0,0,0.0,0,0.0
143,2013,335,12,7,18.7,0.9516129032258064,-3.2516129032258063,5.396774193548389,0.0,60.37419354838709,2.2096774193548385,180.59999999999997,228.43600000000004,0,0,0,0,0,0,28,11.2,31,29.499999999999996,0,0.0,0,0.0,0,0.0,0,0.0,0,0.0,0,0.0
144,2014,1,1,3,7.7,-0.10967741935483868,-5.458064516129033,5.622580645161291,0.0,50.448387096774184,1.9483870967741934,204.4,244.12699999999998,0,0,0,0,0,0,30,-8.700000000000001,31,-3.399999999999999,0,0.0,0,0.0,0,0.0,0,0.0,0,0.0,0,0.0
145,2014,32,2,6,7.3999999999999995,1.6392857142857145,-3.5857142857142854,7.45,10.1,58.114285714285714,1.5,140.6,189.48500000000004,0,0,0,0,0,0,23,7.399999999999999,27,35.800000000000004,0,0.0,0,0.0,0,0.0,0,0.0,0,0.0,0,0.0
146,2014,60,3,9,88.2,7.664516129032259,1.9225806451612903,13.66774193548387,160.5,53.44193548387097,2.0451612903225804,211.00000000000003,248.7,3,0,0,0,0,0,12,28.5,19,77.09999999999998,2,31.3,0,0.0,0,0.0,0,0.0,0,0.0,0,0.0
147,2014,91,4,8,73.3,13.636666666666663,7.5200000000000005,20.640000000000004,388.99999999999994,51.18999999999999,1.6033333333333337,217.20000000000002,247.36800000000002,3,1,0,0,0,0,0,0.0,3,20.1,9,150.8,0,0.0,0,0.0,0,0.0,0,0.0,0,0.0
148,2014,121,5,7,25.600000000000005,19.003225806451614,12.158064516129032,26.31935483870968,589.1,49.84838709677419,1.6935483870967745,316.20000000000005,320.783,1,0,0,0,0,0,0,0.0,0,0.0,26,523.2,13,288.1,1,26.2,0,0.0,0,0.0,0,0.0
149,2014,152,6,11,79.9,22.093333333333337,17.733333333333338,27.896666666666665,662.8000000000001,65.11999999999999,1.18,174.60000000000002,221.37599999999998,3,0,0,0,0,0,0,0.0,0,0.0,30,662.8000000000001,26,586.5000000000001,2,51.3,0,0.0,0,0.0,0,0.0
150,2014,182,7,15,107.1,24.951612903225804,20.990322580645163,30.23548387096774,773.4999999999999,71.33870967741935,1.1548387096774193,189.3,235.215,3,1,0,0,0,0,0,0.0,0,0.0,31,773.4999999999999,31,773.4999999999999,16,425.20000000000005,0,0.0,0,0.0,0,0.0
151,2014,213,8,18,433.29999999999995,23.061290322580643,19.87096774193548,27.483870967741936,714.9,78.08064516129032,1.0935483870967742,127.0,192.198,10,5,3,2,1,0,0,0.0,0,0.0,31,714.9,28,656.5999999999999,4,108.5,0,0.0,0,0.0,0,0.0
152,2014,244,9,5,116.69999999999999,19.87,15.263333333333337,25.980000000000004,596.1,74.03,0.86,183.79999999999998,225.58399999999997,1,1,1,1,0,0,0,0.0,0,0.0,30,596.1,12,260.9,0,0.0,0,0.0,0,0.0,0,0.0
153,2014,274,10,5,161.3,13.019354838709676,7.3741935483870975,20.43548387096774,385.69999999999993,71.63225806451614,0.932258064516129,200.2,240.99099999999999,4,2,1,1,0,0,0,0.0,2,17.9,6,99.39999999999999,0,0.0,0,0.0,0,0.0,0,0.0,0,0.0
154,2014,305,11,9,64.50000000000001,8.24,3.31,13.863333333333335,85.4,64.59666666666666,1.416666666666667,168.29999999999998,214.57100000000003,2,1,0,0,0,0,3,11.3,23,161.79999999999998,0,0.0,0,0.0,0,0.0,0,0.0,0,0.0,0,0.0
155,2014,335,12,12,19.899999999999995,-1.132258064516129,-5.174193548387097,3.2516129032258068,0.0,55.545161290322575,2.617741935483871,191.89999999999998,235.48699999999997,0,0,0,0,0,0,30,-40.2,31,-35.1,0,0.0,0,0.0,0,0.0,0,0.0,0,0.0,0,0.0
156,2015,1,1,12,26.099999999999998,0.22258064516129028,-3.7096774193548376,4.735483870967742,0.0,58.89032258064517,2.1774193548387095,181.90000000000003,228.145,0,0,0,0,0,0,31,6.899999999999999,31,6.899999999999999,0,0.0,0,0.0,0,0.0,0,0.0,0,0.0,0,0.0
157,2015,32,2,7,39.00000000000001,1.9642857142857142,-2.332142857142857,7.221428571428571,0.0,54.38571428571429,2.2642857142857142,186.6,219.427,1,0,0,0,0,0,26,43.0,28,55.0,0,0.0,0,0.0,0,0.0,0,0.0,0,0.0,0,0.0
158,2015,60,3,7,43.5,7.551612903225807,0.7677419354838712,14.548387096774194,141.3,40.58387096774193,2.312903225806452,269.20000000000005,288.602,1,1,0,0,0,0,11,28.9,20,92.80000000000001,1,15.4,0,0.0,0,0.0,0,0.0,0,0.0,0,0.0
159,2015,91,4,15,89.99999999999999,13.143333333333334,7.62,19.163333333333338,343.2,60.72666666666666,1.5966666666666665,179.30000000000004,224.80100000000002,3,0,0,0,0,0,0,0.0,6,51.099999999999994,9,164.49999999999997,2,42.0,0,0.0,0,0.0,0,0.0,0,0.0
160,2015,121,5,5,18.000000000000004,20.229032258064514,13.448387096774194,27.200000000000003,627.0999999999999,47.73548387096774,1.6548387096774193,308.0,316.0710000000001,0,0,0,0,0,0,0,0.0,0,0.0,31,627.0999999999999,18,398.7,1,25.2,0,0.0,0,0.0,0,0.0
161,2015,152,6,8,125.19999999999999,22.860000000000003,17.549999999999997,29.336666666666666,685.8000000000001,61.81666666666667,1.11,213.3,245.435,2,2,1,0,0,0,0,0.0,0,0.0,30,685.8000000000001,27,631.2,5,127.4,0,0.0,0,0.0,0,0.0
162,2015,182,7,15,150.7,24.977419354838712,21.206451612903226,29.86774193548387,744.1,73.25483870967743,1.070967741935484,203.60000000000002,244.018,6,2,0,0,0,0,0,0.0,0,0.0,31,774.3000000000001,29,735.5000000000001,16,435.4,1,30.2,0,0.0,0,0.0
163,2015,213,8,9,45.0,25.606451612903236,21.322580645161295,31.25806451612903,793.8000000000003,72.48064516129033,0.9645161290322579,219.80000000000004,253.865,1,0,0,0,0,0,0,0.0,0,0.0,31,793.8000000000003,31,793.8000000000003,15,412.69999999999993,0,0.0,0,0.0,0,0.0
164,2015,244,9,5,30.900000000000002,20.28666666666667,14.606666666666666,27.173333333333332,608.6,68.21333333333332,0.8599999999999999,207.7,242.61599999999999,1,0,0,0,0,0,0,0.0,0,0.0,30,608.6,17,362.1,0,0.0,0,0.0,0,0.0,0,0.0
165,2015,274,10,7,69.1,14.980645161290324,9.061290322580646,22.23870967741935,449.80000000000007,61.91612903225806,1.2645161290322582,238.4,267.54400000000004,2,1,0,0,0,0,0,0.0,2,14.600000000000001,18,301.7,0,0.0,0,0.0,0,0.0,0,0.0,0,0.0
166,2015,305,11,15,120.7,9.693333333333333,6.3,13.476666666666668,229.99999999999997,75.73333333333333,1.1933333333333331,82.0,155.979,4,0,0,0,0,0,5,13.6,11,60.8,0,0.0,0,0.0,0,0.0,0,0.0,0,0.0,0,0.0
167,2015,335,12,11,42.1,2.6483870967741927,-1.3419354838709678,7.280645161290324,0.0,64.9258064516129,1.6225806451612903,145.8,204.89199999999997,0,0,0,0,0,0,24,38.099999999999994,31,82.09999999999998,0,0.0,0,0.0,0,0.0,0,0.0,0,0.0,0,0.0
168,2016,1,1,6,11.7,-0.9290322580645162,-4.783870967741936,3.2354838709677414,0.0,52.890322580645154,2.3677419354838714,185.0,230.156,0,0,0,0,0,0,28,-47.0,31,-28.8,0,0.0,0,0.0,0,0.0,0,0.0,0,0.0,0,0.0
169,2016,32,2,9,36.6,1.6448275862068966,-2.855172413793104,6.896551724137931,10.0,49.817241379310346,2.427586206896552,178.7,217.862,1,0,0,0,0,0,27,31.400000000000002,29,47.7,0,0.0,0,0.0,0,0.0,0,0.0,0,0.0,0,0.0
170,2016,61,3,5,56.300000000000004,8.04516129032258,2.1064516129032262,14.206451612903221,111.6,47.89354838709678,1.8580645161290323,211.39999999999998,249.897,1,1,0,0,0,0,7,16.4,22,137.79999999999998,0,0.0,0,0.0,0,0.0,0,0.0,0,0.0,0,0.0
171,2016,92,4,13,164.4,14.686666666666667,8.386666666666667,21.813333333333333,440.6,56.0,1.7233333333333332,209.00000000000003,243.617,6,1,0,0,0,0,0,0.0,0,0.0,12,205.99999999999997,0,0.0,0,0.0,0,0.0,0,0.0,0,0.0
172,2016,122,5,10,52.800000000000004,19.8,12.748387096774193,27.261290322580646,613.8000000000001,52.94193548387096,1.6258064516129036,280.79999999999995,297.28599999999994,2,0,0,0,0,0,0,0.0,0,0.0,30,599.9000000000001,17,363.59999999999997,0,0.0,0,0.0,0,0.0,0,0.0
173,2016,153,6,6,47.0,23.733333333333334,18.766666666666666,29.486666666666665,712.0,63.74,1.22,204.20000000000002,239.92199999999997,1,0,0,0,0,0,0,0.0,0,0.0,30,712.0,29,693.9000000000001,6,156.0,0,0.0,0,0.0,0,0.0
174,2016,183,7,12,313.6,25.893548387096775,22.035483870967738,31.225806451612904,802.7,76.27096774193551,1.0032258064516126,165.6,219.49699999999996,7,5,2,1,0,0,0,0.0,0,0.0,31,802.7,31,802.7,19,518.1999999999999,0,0.0,0,0.0,0,0.0
175,2016,214,8,7,116.30000000000001,27.145161290322577,22.341935483870973,33.6,719.9,67.48709677419355,1.0774193548387097,249.59999999999997,274.05199999999996,5,1,0,0,0,0,0,0.0,0,0.0,31,841.4999999999999,30,822.4999999999999,25,719.3,4,121.6,0,0.0,0,0.0
176,2016,245,9,17,162.0,21.26666666666667,17.813333333333336,26.39666666666667,638.0000000000001,80.78333333333333,0.7300000000000001,113.19999999999999,177.57500000000002,3,1,1,1,1,0,0,0.0,0,0.0,30,638.0000000000001,20,452.09999999999997,2,51.3,0,0.0,0,0.0,0,0.0
177,2016,275,10,11,106.2,15.293548387096775,11.45483870967742,20.838709677419356,457.8,76.76774193548388,0.9516129032258064,114.39999999999999,182.122,5,1,0,0,0,0,0,0.0,2,16.299999999999997,16,284.2,3,63.0,0,0.0,0,0.0,0,0.0,0,0.0
178,2016,306,11,9,22.9,7.069999999999999,2.1233333333333335,12.763333333333332,87.8,63.779999999999994,1.4266666666666665,159.20000000000002,208.762,1,0,0,0,0,0,9,20.0,23,124.30000000000001,0,0.0,0,0.0,0,0.0,0,0.0,0,0.0,0,0.0
179,2016,336,12,8,46.400000000000006,2.5322580645161294,-1.7161290322580645,7.26774193548387,0.0,59.97096774193547,1.9193548387096777,149.60000000000002,206.38200000000003,2,0,0,0,0,0,25,40.199999999999996,31,78.50000000000001,0,0.0,0,0.0,0,0.0,0,0.0,0,0.0,0,0.0
180,2017,1,1,7,10.2,0.14838709677419368,-4.4645161290322575,5.148387096774194,0.0,53.377419354838715,2.3419354838709676,195.39999999999995,238.67399999999998,0,0,0,0,0,0,27,-18.9,31,4.600000000000004,0,0.0,0,0.0,0,0.0,0,0.0,0,0.0,0,0.0
181,2017,32,2,7,33.5,1.7321428571428572,-3.432142857142857,7.639285714285714,0.0,48.36785714285714,2.5249999999999995,208.5,235.371,1,0,0,0,0,0,25,31.0,28,48.5,0,0.0,0,0.0,0,0.0,0,0.0,0,0.0,0,0.0
182,2017,60,3,8,20.200000000000003,7.261290322580645,1.3645161290322583,13.735483870967743,33.8,46.21612903225807,1.9967741935483874,229.90000000000003,260.814,1,0,0,0,0,0,5,13.3,28,191.3,0,0.0,0,0.0,0,0.0,0,0.0,0,0.0,0,0.0
183,2017,91,4,8,60.800000000000004,15.036666666666667,8.416666666666666,21.89333333333333,444.09999999999997,47.61666666666666,1.9933333333333334,245.3,269.28499999999997,2,0,0,0,0,0,0,0.0,1,7.0,12,212.4,1,22.1,0,0.0,0,0.0,0,0.0,0,0.0
184,2017,121,5,7,20.2,20.18387096774193,13.570967741935483,27.432258064516127,625.6999999999999,48.941935483870964,1.8096774193548388,282.40000000000003,298.258,0,0,0,0,0,0,0,0.0,0,0.0,31,625.6999999999999,14,317.90000000000003,1,26.6,0,0.0,0,0.0,0,0.0
185,2017,152,6,8,63.4,23.40333333333333,17.256666666666668,30.459999999999997,702.0999999999999,53.78333333333333,1.4899999999999995,261.0,278.19399999999996,2,1,0,0,0,0,0,0.0,0,0.0,30,702.0999999999999,27,647.0999999999999,10,267.3,0,0.0,0,0.0,0,0.0
186,2017,182,7,20,404.80000000000007,26.487096774193553,23.13870967741935,31.235483870967744,791.0000000000001,81.09354838709677,1.0225806451612904,138.6,199.118,12,3,1,1,1,1,0,0.0,0,0.0,31,821.1000000000001,31,821.1000000000001,26,699.6,1,30.1,0,0.0,0,0.0
187,2017,213,8,17,158.4,25.219354838709684,21.567741935483877,30.148387096774194,781.8000000000002,78.64193548387097,1.0225806451612904,187.30000000000004,232.70800000000003,3,2,0,0,0,0,0,0.0,0,0.0,31,781.8000000000002,30,763.1000000000001,16,436.30000000000007,0,0.0,0,0.0,0,0.0
188,2017,244,9,5,102.7,20.09,14.700000000000001,26.480000000000004,602.7,73.02,1.0066666666666668,207.00000000000003,242.24399999999997,2,2,1,0,0,0,0,0.0,0,0.0,30,602.7,17,361.7,0,0.0,0,0.0,0,0.0,0,0.0
189,2017,274,10,5,54.6,14.85483870967742,10.167741935483873,21.01612903225807,443.2,73.28709677419356,0.9612903225806452,155.5,211.94400000000005,3,0,0,0,0,0,0,0.0,2,17.3,10,187.09999999999997,2,42.4,0,0.0,0,0.0,0,0.0,0,0.0
190,2017,305,11,5,4.1000000000000005,6.38,0.796666666666667,12.636666666666667,79.9,54.79666666666667,1.6699999999999997,203.99999999999997,239.43800000000005,0,0,0,0,0,0,13,29.3,24,111.5,0,0.0,0,0.0,0,0.0,0,0.0,0,0.0,0,0.0
191,2017,335,12,7,20.4,-0.6774193548387096,-5.193548387096774,4.4806451612903215,0.0,49.993548387096766,2.364516129032258,193.3,236.51900000000003,1,0,0,0,0,0,31,-21.0,31,-21.0,0,0.0,0,0.0,0,0.0,0,0.0,0,0.0,0,0.0
192,2018,1,1,7,24.0,-2.338709677419355,-6.47741935483871,2.583870967741935,0.0,50.6741935483871,2.4193548387096775,191.9,236.39600000000002,1,0,0,0,0,0,31,-72.5,31,-72.5,0,0.0,0,0.0,0,0.0,0,0.0,0,0.0,0,0.0
193,2018,32,2,5,36.9,0.003571428571428527,-5.482142857142857,6.160714285714286,0.0,38.89285714285713,2.325,198.4,227.35699999999997,1,1,0,0,0,0,25,-17.7,28,0.09999999999999876,0,0.0,0,0.0,0,0.0,0,0.0,0,0.0,0,0.0
194,2018,60,3,10,123.1,8.535483870967742,2.4806451612903224,15.170967741935485,170.70000000000002,58.71612903225806,2.0419354838709673,198.1,240.85500000000002,5,0,0,0,0,0,11,38.4,19,93.9,4,64.19999999999999,0,0.0,0,0.0,0,0.0,0,0.0,0,0.0
195,2018,91,4,8,141.4,14.27,7.403333333333333,21.09666666666667,381.1,51.95,1.8966666666666667,236.60000000000002,263.223,6,1,0,0,0,0,0,0.0,6,46.99999999999999,14,254.39999999999998,4,82.6,0,0.0,0,0.0,0,0.0,0,0.0
196,2018,121,5,11,105.10000000000001,18.670967741935485,12.903225806451612,24.806451612903224,578.8000000000001,64.79354838709678,1.4161290322580644,211.9,250.31099999999998,4,0,0,0,0,0,0,0.0,0,0.0,26,509.2,12,267.7,1,25.1,0,0.0,0,0.0,0,0.0
197,2018,152,6,7,76.9,23.276666666666664,18.186666666666667,29.216666666666672,698.3,61.05,1.29,205.20000000000002,239.775,2,1,1,0,0,0,0,0.0,0,0.0,30,698.3,26,621.4000000000001,9,234.6,0,0.0,0,0.0,0,0.0
198,2018,182,7,8,131.29999999999998,27.309677419354838,23.00322580645161,32.52258064516129,630.0,73.38064516129032,1.0225806451612904,245.79999999999998,275.224,4,2,0,0,0,0,0,0.0,0,0.0,31,846.6,29,807.8000000000002,22,651.7,7,216.59999999999997,0,0.0,0,0.0
199,2018,213,8,11,342.8,27.522580645161288,22.89354838709677,33.535483870967745,575.9,70.27741935483873,1.0870967741935484,210.3,246.306,7,5,3,1,0,0,0,0.0,0,0.0,31,853.1999999999999,30,833.8,24,692.5,10,307.3,0,0.0,0,0.0
200,2018,244,9,7,133.8,19.95,15.499999999999998,25.246666666666666,598.5,76.67000000000002,0.9799999999999999,158.9,209.37800000000001,4,2,1,0,0,0,0,0.0,0,0.0,30,598.5,16,349.20000000000005,0,0.0,0,0.0,0,0.0,0,0.0
201,2018,274,10,7,180.3,12.467741935483867,7.167741935483871,19.0741935483871,332.9,70.61290322580645,1.261290322580645,202.80000000000004,243.23000000000005,3,2,2,1,1,0,0,0.0,7,63.6,6,102.0,0,0.0,0,0.0,0,0.0,0,0.0,0,0.0
202,2018,305,11,4,29.799999999999997,7.303333333333333,1.9299999999999997,13.90666666666667,59.6,66.90666666666667,1.0233333333333334,156.1,206.61800000000002,1,0,0,0,0,0,7,18.3,25,159.5,0,0.0,0,0.0,0,0.0,0,0.0,0,0.0,0,0.0
203,2018,335,12,6,31.8,0.44193548387096787,-4.119354838709678,5.641935483870967,10.1,53.15806451612902,1.9967741935483871,185.10000000000005,232.189,1,0,0,0,0,0,24,-33.5,30,3.5999999999999996,0,0.0,0,0.0,0,0.0,0,0.0,0,0.0,0,0.0
204,2019,1,1,2,2.5,0.5645161290322579,-4.209677419354839,5.658064516129032,0.0,45.40967741935484,2.367741935483871,206.89999999999998,246.25299999999996,0,0,0,0,0,0,31,17.499999999999996,31,17.499999999999996,0,0.0,0,0.0,0,0.0,0,0.0,0,0.0,0,0.0
205,2019,32,2,3,37.800000000000004,2.417857142857143,-2.6535714285714285,8.049999999999999,0.0,52.278571428571425,1.9142857142857144,188.39999999999998,221.31000000000003,2,0,0,0,0,0,22,28.3,28,67.7,0,0.0,0,0.0,0,0.0,0,0.0,0,0.0,0,0.0
206,2019,60,3,10,26.8,7.732258064516128,1.4935483870967743,14.551612903225807,93.5,55.412903225806446,1.990322580645161,216.89999999999998,252.89200000000002,0,0,0,0,0,0,5,21.1,23,146.2,0,0.0,0,0.0,0,0.0,0,0.0,0,0.0,0,0.0
207,2019,91,4,8,112.2,12.526666666666667,6.2666666666666675,18.92666666666667,314.4,58.036666666666655,1.5699999999999998,201.4,236.67299999999997,5,1,0,0,0,0,0,0.0,8,61.4,8,137.7,0,0.0,0,0.0,0,0.0,0,0.0,0,0.0
208,2019,121,5,5,46.300000000000004,19.57741935483871,12.200000000000001,26.645161290322584,606.9,53.70000000000001,1.4612903225806453,294.9,305.536,2,0,0,0,0,0,0,0.0,0,0.0,30,592.3,13,284.7,0,0.0,0,0.0,0,0.0,0,0.0
209,2019,152,6,9,109.5,22.029999999999998,16.756666666666668,27.81,660.9,72.78666666666666,0.95,224.89999999999998,253.263,5,1,0,0,0,0,0,0.0,0,0.0,30,660.9,26,587.6999999999999,3,76.7,0,0.0,0,0.0,0,0.0
210,2019,182,7,13,221.20000000000002,24.84193548387097,21.200000000000006,29.183870967741942,770.1,82.18064516129031,0.9548387096774191,128.60000000000002,190.66,8,3,0,0,0,0,0,0.0,0,0.0,31,770.1,31,770.1,12,326.2,0,0.0,0,0.0,0,0.0
211,2019,213,8,11,106.7,26.080645161290324,21.95161290322581,30.980645161290326,808.5,80.29354838709678,1.0096774193548388,207.0,246.447,3,1,0,0,0,0,0,0.0,0,0.0,31,808.5,31,808.5,22,602.6000000000001,1,30.0,0,0.0,0,0.0
212,2019,244,9,10,159.50000000000003,21.113333333333337,17.293333333333337,25.956666666666667,633.4000000000001,86.21000000000001,0.78,124.8,187.27399999999997,2,2,1,1,0,0,0,0.0,0,0.0,30,633.4000000000001,21,474.30000000000007,3,76.8,0,0.0,0,0.0,0,0.0
213,2019,274,10,6,178.4,14.983870967741934,10.006451612903227,21.070967741935487,454.79999999999995,78.98709677419355,1.0,175.29999999999998,225.61599999999996,2,2,1,1,1,1,0,0.0,1,9.7,12,219.8,5,104.60000000000001,0,0.0,0,0.0,0,0.0,0,0.0
214,2019,305,11,7,34.2,7.86,2.3100000000000005,14.256666666666668,111.89999999999999,69.64666666666668,1.22,171.1,216.88000000000005,1,0,0,0,0,0,8,25.9,21,123.89999999999999,1,15.4,0,0.0,0,0.0,0,0.0,0,0.0,0,0.0
215,2019,335,12,7,27.400000000000002,1.435483870967742,-3.0741935483870972,7.0838709677419365,0.0,64.72580645161291,1.6870967741935485,178.5,226.15800000000002,1,0,0,0,0,0,29,32.2,31,44.5,0,0.0,0,0.0,0,0.0,0,0.0,0,0.0,0,0.0
216,2020,1,1,6,60.900000000000006,2.2903225806451615,-1.4935483870967736,6.874193548387096,0.0,66.11612903225806,1.6419354838709674,145.39999999999998,203.68499999999995,2,1,0,0,0,0,26,43.8,31,71.0,0,0.0,0,0.0,0,0.0,0,0.0,0,0.0,0,0.0
217,2020,32,2,8,79.60000000000001,3.0586206896551724,-2.075862068965517,9.013793103448277,0.0,64.47241379310346,1.8275862068965518,185.3,222.39899999999994,2,1,0,0,0,0,20,27.2,29,88.7,0,0.0,0,0.0,0,0.0,0,0.0,0,0.0,0,0.0
218,2020,61,3,5,13.3,8.174193548387096,1.364516129032258,15.306451612903222,121.49999999999999,55.04193548387095,1.967741935483871,244.9,272.51,0,0,0,0,0,0,5,19.8,21,131.9,0,0.0,0,0.0,0,0.0,0,0.0,0,0.0,0,0.0
219,2020,92,4,4,36.3,11.689999999999998,5.206666666666667,18.67,299.20000000000005,47.09,2.1533333333333333,272.6,287.236,2,0,0,0,0,0,0,0.0,8,71.5,2,36.0,0,0.0,0,0.0,0,0.0,0,0.0,0,0.0
220,2020,122,5,8,106.5,18.422580645161286,12.845161290322583,24.62903225806452,571.0999999999999,69.65483870967742,1.3225806451612903,230.70000000000002,263.28099999999995,3,2,0,0,0,0,0,0.0,0,0.0,28,529.2,8,173.7,0,0.0,0,0.0,0,0.0,0,0.0
221,2020,153,6,11,192.2,23.62,18.92666666666667,29.083333333333332,708.6,73.64,1.0633333333333335,213.09999999999997,244.83599999999998,8,2,0,0,0,0,0,0.0,0,0.0,30,708.6,29,688.8000000000001,8,209.70000000000002,0,0.0,0,0.0,0,0.0
222,2020,183,7,21,466.7000000000001,22.403225806451616,19.522580645161288,26.270967741935486,694.5000000000001,89.61935483870967,0.7838709677419354,103.90000000000002,174.51700000000002,11,5,2,1,1,0,0,0.0,0,0.0,31,694.5000000000001,28,638.2,5,128.4,0,0.0,0,0.0,0,0.0
223,2020,214,8,18,428.6,26.580645161290324,23.261290322580646,31.174193548387095,824.0,88.21612903225807,0.7967741935483873,158.4,213.84900000000005,10,6,4,2,0,0,0,0.0,0,0.0,31,824.0,31,824.0,26,705.3999999999999,0,0.0,0,0.0,0,0.0
224,2020,245,9,11,147.29999999999998,19.750000000000004,15.446666666666667,25.146666666666665,592.5000000000001,83.45666666666669,0.9466666666666668,151.0,205.03199999999998,4,3,0,0,0,0,0,0.0,0,0.0,30,592.5000000000001,14,305.0,0,0.0,0,0.0,0,0.0,0,0.0
225,2020,275,10,3,2.7,13.429032258064517,7.503225806451612,20.26774193548387,387.1,69.53870967741936,1.1161290322580646,207.69999999999996,246.88299999999998,0,0,0,0,0,0,0,0.0,3,29.2,8,138.6,0,0.0,0,0.0,0,0.0,0,0.0,0,0.0
226,2020,306,11,5,27.9,7.966666666666667,2.8999999999999995,13.860000000000001,119.4,64.38666666666668,1.4733333333333334,169.29999999999993,215.98800000000003,1,0,0,0,0,0,6,19.2,20,119.6,1,15.4,0,0.0,0,0.0,0,0.0,0,0.0,0,0.0
227,2020,336,12,3,1.7000000000000002,-0.07096774193548384,-4.780645161290323,5.603225806451612,0.0,57.88064516129031,1.9161290322580646,189.59999999999997,233.889,0,0,0,0,0,0,29,-13.600000000000001,31,-2.1999999999999993,0,0.0,0,0.0,0,0.0,0,0.0,0,0.0,0,0.0
228,2021,1,1,9,16.5,-1.7870967741935486,-6.803225806451612,4.0290322580645155,0.0,60.254838709677415,1.874193548387097,182.1,228.77300000000002,0,0,0,0,0,0,28,-73.80000000000001,31,-55.400000000000006,0,0.0,0,0.0,0,0.0,0,0.0,0,0.0,0,0.0
229,2021,32,2,7,9.7,3.185714285714286,-2.739285714285714,9.642857142857142,35.5,53.07142857142857,2.2857142857142856,202.2,230.386,0,0,0,0,0,0,18,9.3,25,53.699999999999996,0,0.0,0,0.0,0,0.0,0,0.0,0,0.0,0,0.0
230,2021,60,3,8,98.39999999999999,8.903225806451612,3.0096774193548392,15.183870967741939,155.29999999999998,65.18064516129031,1.6419354838709683,203.00000000000003,244.717,3,1,0,0,0,0,4,12.100000000000001,18,120.69999999999999,0,0.0,0,0.0,0,0.0,0,0.0,0,0.0,0,0.0
231,2021,91,4,6,70.49999999999999,13.623333333333333,7.286666666666667,20.25666666666667,380.4,55.343333333333334,1.5966666666666667,227.3,255.96300000000002,3,0,0,0,0,0,0,0.0,4,38.3,11,186.10000000000002,1,20.8,0,0.0,0,0.0,0,0.0,0,0.0
232,2021,121,5,17,166.50000000000003,16.738709677419354,11.490322580645163,22.674193548387095,518.9,72.19032258064517,1.3225806451612903,201.0,241.65300000000002,4,1,1,0,0,0,0,0.0,0,0.0,23,414.49999999999994,5,106.70000000000002,0,0.0,0,0.0,0,0.0,0,0.0
233,2021,152,6,8,57.00000000000001,22.45333333333333,17.736666666666668,27.85,673.5999999999999,76.92000000000002,0.9066666666666666,210.79999999999998,244.20300000000003,2,0,0,0,0,0,0,0.0,0,0.0,30,673.5999999999999,27,618.1999999999999,1,25.4,0,0.0,0,0.0,0,0.0
234,2021,182,7,14,216.1,26.15161290322581,21.870967741935488,31.55161290322581,810.7000000000002,83.23548387096774,0.7580645161290324,219.9,256.985,6,3,1,0,0,0,0,0.0,0,0.0,31,810.7000000000002,31,810.7000000000002,24,645.4000000000001,0,0.0,0,0.0,0,0.0
235,2021,213,8,17,324.9,24.399999999999995,21.141935483870967,28.912903225806456,756.3999999999999,87.81290322580647,0.7612903225806453,131.19999999999996,189.125,11,5,1,0,0,0,0,0.0,0,0.0,31,756.3999999999999,31,756.3999999999999,11,295.3,0,0.0,0,0.0,0,0.0
236,2021,244,9,12,188.8,20.613333333333337,16.823333333333334,25.430000000000003,618.4000000000001,86.31333333333333,0.7900000000000001,130.49999999999997,189.808,6,3,2,0,0,0,0,0.0,0,0.0,30,618.4000000000001,24,503.4,0,0.0,0,0.0,0,0.0,0,0.0
237,2021,274,10,7,41.400000000000006,14.49677419354839,9.570967741935485,21.112903225806456,389.9,80.62903225806451,0.838709677419355,171.20000000000002,314.047,1,0,0,0,0,0,0,0.0,7,59.5,13,259.7,7,148.9,0,0.0,0,0.0,0,0.0,0,0.0
238,2021,305,11,7,39.8,8.01,2.7433333333333327,14.33666666666667,105.0,70.96333333333334,1.4633333333333334,175.70000000000002,282.82,2,0,0,0,0,0,5,16.8,21,135.3,0,0.0,0,0.0,0,0.0,0,0.0,0,0.0,0,0.0
239,2021,335,12,5,1.2,1.664516129032258,-3.22258064516129,7.325806451612904,0.0,61.032258064516135,2.0870967741935487,183.60000000000002,274.21999999999997,0,0,0,0,0,0,25,9.600000000000001,31,51.6,0,0.0,0,0.0,0,0.0,0,0.0,0,0.0,0,0.0
240,2022,1,1,3,1.5999999999999999,-0.7000000000000001,-5.538709677419354,4.803225806451613,0.0,51.41612903225807,1.9870967741935486,210.3,323.4700000000001,0,0,0,0,0,0,31,-21.700000000000003,31,-21.700000000000003,0,0.0,0,0.0,0,0.0,0,0.0,0,0.0,0,0.0
241,2022,32,2,4,2.1,0.003571428571428622,-5.071428571428572,6.042857142857143,0.0,47.303571428571445,2.446428571428572,225.29999999999998,398.93999999999994,0,0,0,0,0,0,25,-17.5,28,0.10000000000000142,0,0.0,0,0.0,0,0.0,0,0.0,0,0.0,0,0.0
242,2022,60,3,10,95.70000000000002,8.032258064516128,2.0258064516129033,14.59032258064516,117.2,58.909677419354836,1.6612903225806455,188.40000000000003,424.83,4,1,0,0,0,0,7,27.2,22,141.8,0,0.0,0,0.0,0,0.0,0,0.0,0,0.0,0,0.0
243,2022,91,4,5,55.0,14.963333333333333,7.653333333333332,22.400000000000002,423.69999999999993,51.50666666666667,1.4300000000000002,245.59999999999997,603.36,2,0,0,0,0,0,0,0.0,3,25.2,15,272.8,4,82.6,0,0.0,0,0.0,0,0.0,0,0.0
244,2022,121,5,5,2.8000000000000003,19.506451612903227,12.183870967741937,26.519354838709678,604.7,49.31612903225805,1.5,313.49999999999994,777.02,0,0,0,0,0,0,0,0.0,0,0.0,28,563.4,15,333.69999999999993,0,0.0,0,0.0,0,0.0,0,0.0
245,2022,152,6,12,88.9,23.35,18.41666666666667,29.27,700.5,71.76666666666667,1.0666666666666667,209.1,606.6999999999999,4,0,0,0,0,0,0,0.0,0,0.0,30,700.5,23,577.5,13,352.0,0,0.0,0,0.0,0,0.0
246,2022,182,7,15,211.70000000000002,26.57741935483871,22.858064516129037,31.40322580645161,823.9,79.7,0.9322580645161291,165.2,538.9200000000001,7,2,1,0,0,0,0,0.0,0,0.0,31,823.9,31,823.9,23,632.5,0,0.0,0,0.0,0,0.0
247,2022,213,8,18,220.3,25.448387096774194,22.087096774193547,29.570967741935487,788.9,83.39032258064516,0.9193548387096774,129.9,432.78999999999996,9,2,0,0,0,0,0,0.0,0,0.0,31,788.9,29,751.1,21,570.0000000000001,0,0.0,0,0.0,0,0.0
248,2022,244,9,4,109.19999999999999,20.81,16.323333333333334,26.643333333333334,624.3,77.90666666666668,0.85,161.79999999999995,449.5499999999999,2,2,1,1,0,0,0,0.0,0,0.0,30,624.3,19,430.5,3,77.19999999999999,0,0.0,0,0.0,0,0.0
249,2022,274,10,8,62.0,13.78709677419355,8.316129032258065,20.25483870967742,391.0,73.42258064516129,1.032258064516129,189.8,416.34000000000003,2,1,0,0,0,0,0,0.0,4,36.4,9,162.6,2,41.3,0,0.0,0,0.0,0,0.0,0,0.0
250,2022,305,11,7,29.799999999999997,8.876666666666665,2.8700000000000006,16.193333333333335,136.8,64.98666666666666,1.1199999999999999,194.4,309.3300000000001,2,0,0,0,0,0,3,6.8999999999999995,18,129.5,0,0.0,0,0.0,0,0.0,0,0.0,0,0.0,0,0.0
251,2022,335,12,6,12.100000000000001,-1.580645161290323,-5.861290322580646,3.3483870967741938,0.0,56.835483870967735,2.016129032258065,182.55,276.90999999999997,0,0,0,0,0,0,29,-59.60000000000001,31,-49.000000000000014,0,0.0,0,0.0,0,0.0,0,0.0,0,0.0,0,0.0
252,2023,1,1,7,26.5,-1.125806451612903,-6.096774193548387,4.861290322580644,0.0,57.312903225806444,1.8774193548387097,205.10000000000002,311.06,1,0,0,0,0,0,29,-47.4,31,-34.89999999999999,0,0.0,0,0.0,0,0.0,0,0.0,0,0.0,0,0.0
253,2023,32,2,2,6.8,2.7535714285714286,-2.589285714285715,9.021428571428572,0.0,53.535714285714285,1.625,185.10000000000002,353.58,0,0,0,0,0,0,23,46.8,28,77.1,0,0.0,0,0.0,0,0.0,0,0.0,0,0.0,0,0.0
254,2023,60,3,4,31.699999999999996,10.345161290322581,2.548387096774193,18.245161290322585,218.1,46.41935483870968,1.4967741935483871,242.2,510.7400000000001,1,0,0,0,0,0,2,7.199999999999999,15,112.6,3,47.3,0,0.0,0,0.0,0,0.0,0,0.0,0,0.0
255,2023,91,4,10,45.599999999999994,13.473333333333334,6.543333333333334,20.430000000000003,387.1,58.21333333333333,1.4433333333333331,199.8,533.23,2,0,0,0,0,0,0,0.0,2,17.1,5,86.6,1,20.9,0,0.0,0,0.0,0,0.0,0,0.0
256,2023,121,5,6,148.2,18.770967741935483,12.429032258064519,25.203225806451613,581.9,65.65161290322581,0.967741935483871,222.7,624.4700000000001,4,3,0,0,0,0,0,0.0,0,0.0,28,544.4,11,234.80000000000004,0,0.0,0,0.0,0,0.0,0,0.0
257,2023,152,6,12,174.8,23.46333333333333,18.706666666666663,29.330000000000002,703.9,71.26666666666668,1.1066666666666667,213.70000000000002,660.0900000000001,4,2,1,0,0,0,0,0.0,0,0.0,30,703.9,29,684.1,7,182.29999999999998,0,0.0,0,0.0,0,0.0
258,2023,182,7,20,517.5,25.77096774193549,22.309677419354834,30.490322580645163,798.9000000000002,87.18709677419356,0.7000000000000001,139.65,532.23,11,6,5,1,1,1,0,0.0,0,0.0,31,798.9000000000002,31,798.9000000000002,23,610.3000000000001,0,0.0,0,0.0,0,0.0
259,2023,213,8,12,333.2,26.948387096774194,23.41612903225806,31.70645161290323,805.2,82.71290322580646,0.7741935483870966,190.50000000000003,556.02,5,5,3,1,1,1,0,0.0,0,0.0,31,835.4,31,835.4,27,742.8,4,120.2,0,0.0,0,0.0
260,2023,244,9,12,225.1,22.46333333333333,18.803333333333335,27.33,673.9,84.72333333333334,0.6733333333333335,166.04999999999998,446.64500000000004,5,2,1,1,0,0,0,0.0,0,0.0,30,673.9,24,557.4,5,127.6,0,0.0,0,0.0,0,0.0
261,2023,274,10,4,5.199999999999999,14.648387096774192,8.845161290322581,21.648387096774194,454.09999999999997,70.82258064516131,0.9774193548387097,231.29999999999998,461.26,0,0,0,0,0,0,0,0.0,0,0.0,15,241.99999999999997,0,0.0,0,0.0,0,0.0,0,0.0,0,0.0
262,2023,305,11,11,35.89999999999999,7.276666666666666,2.0866666666666673,13.213333333333333,119.8,62.06000000000001,1.7366666666666668,190.29999999999998,313.82,0,0,0,0,0,0,12,29.499999999999996,22,98.5,5,83.6,0,0.0,0,0.0,0,0.0,0,0.0,0,0.0
263,2023,335,12,9,120.1,1.6161290322580641,-2.703225806451613,6.52258064516129,21.0,67.16129032258064,1.57741935483871,157.5,247.07999999999998,3,2,0,0,0,0,23,-16.800000000000004,29,29.099999999999998,0,0.0,0,0.0,0,0.0,0,0.0,0,0.0,0,0.0
264,2024,1,1,7,29.2,0.4580645161290325,-3.5354838709677416,5.02258064516129,0.0,63.40322580645161,1.8838709677419354,175.8,290.34000000000003,1,0,0,0,0,0,30,8.500000000000005,31,14.200000000000006,0,0.0,0,0.0,0,0.0,0,0.0,0,0.0,0,0.0
265,2024,32,2,15,93.1,3.7137931034482756,-0.23793103448275857,8.506896551724138,11.2,73.90689655172413,1.3275862068965514,108.00000000000001,256.96999999999997,4,0,0,0,0,0,22,59.0,28,96.5,0,0.0,0,0.0,0,0.0,0,0.0,0,0.0,0,0.0
266,2024,61,3,10,72.30000000000001,7.341935483870968,1.8967741935483873,13.396774193548387,95.6,57.49677419354838,1.9225806451612906,208.50000000000003,457.3,2,0,0,0,0,0,7,16.9,23,132.00000000000003,0,0.0,0,0.0,0,0.0,0,0.0,0,0.0,0,0.0
267,2024,92,4,10,73.2,15.916666666666664,9.76,22.326666666666664,477.49999999999994,63.07666666666667,1.0833333333333335,203.00000000000003,517.1700000000001,3,0,0,0,0,0,0,0.0,0,0.0,17,298.8,2,41.2,0,0.0,0,0.0,0,0.0,0,0.0
268,2024,122,5,10,96.1,18.458064516129035,12.112903225806452,25.28064516129032,572.2,63.84838709677418,1.1967741935483867,273.59999999999997,713.1999999999998,4,0,0,0,0,0,0,0.0,0,0.0,27,518.3000000000001,9,192.4,0,0.0,0,0.0,0,0.0,0,0.0
269,2024,153,6,8,116.19999999999999,23.910000000000004,18.240000000000002,29.906666666666663,717.3000000000001,65.11333333333333,1.0633333333333332,259.3,702.1400000000001,4,2,0,0,0,0,0,0.0,0,0.0,30,717.3000000000001,28,678.0000000000001,10,264.70000000000005,0,0.0,0,0.0,0,0.0
270,2024,183,7,18,534.5999999999999,26.5483870967742,23.461290322580652,30.548387096774196,823.0000000000002,83.90000000000002,0.9806451612903226,133.85,507.7250000000001,9,5,4,2,1,1,0,0.0,0,0.0,31,823.0000000000002,31,823.0000000000002,25,682.0,0,0.0,0,0.0,0,0.0
271,2024,214,8,6,61.7,28.190322580645166,23.909677419354843,33.60967741935484,812.7,78.4,0.7548387096774194,254.3,654.8199999999998,3,0,0,0,0,0,0,0.0,0,0.0,31,873.9000000000001,31,873.9000000000001,30,849.0000000000001,2,61.2,0,0.0,0,0.0
272,2024,245,9,7,261.9,24.720000000000002,20.79000000000001,29.98333333333333,741.6,80.55,0.6400000000000001,183.30000000000004,463.3,3,2,2,2,1,1,0,0.0,0,0.0,30,741.6,27,684.1,18,483.7,0,0.0,0,0.0,0,0.0
273,2024,275,10,11,95.2,15.232258064516131,10.793548387096775,20.851612903225814,472.20000000000005,83.2935483870968,0.7322580645161291,141.29999999999998,338.7199999999999,3,1,0,0,0,0,0,0.0,0,0.0,17,282.2,0,0.0,0,0.0,0,0.0,0,0.0,0,0.0
274,2024,306,11,8,33.7,9.066666666666666,3.98,15.236666666666668,187.60000000000002,72.28,1.16,171.70000000000002,297.12,1,0,0,0,0,0,6,18.7,15,84.4,2,31.5,0,0.0,0,0.0,0,0.0,0,0.0,0,0.0
275,2024,336,12,4,2.7000000000000006,1.8903225806451607,-2.2161290322580647,6.732258064516128,0.0,55.38709677419355,2.1193548387096777,198.69999999999996,294.60999999999996,0,0,0,0,0,0,28,37.89999999999999,31,58.59999999999998,0,0.0,0,0.0,0,0.0,0,0.0,0,0.0,0,0.0
