year,month,day,doy,radn,maxt,mint,rain,tavg,humid,wind,winddir,sunhours,latitude,longitude,altitude
1997,1,1,1,5.641,17.6,-0.6,2.9,6.5,57.8,4.7,290,3.7,35.5571,129.32249,34.69
1997,1,2,2,8.708,4.0,-3.1,0.0,-0.7,30.5,3.5,290,8.3,35.5571,129.32249,34.69
1997,1,3,3,8.799,4.7,-4.0,0.0,-0.8,28.4,3.4,340,8.4,35.5571,129.32249,34.69
1997,1,4,4,7.626,6.0,-4.6,0.0,-0.1,28.0,1.5,50,6.6,35.5571,129.32249,34.69
1997,1,5,5,3.239,2.5,-1.0,7.6,0.7,74.5,2.1,320,0.0,35.5571,129.32249,34.69
1997,1,6,6,8.282,1.7,-5.9,0.0,-2.5,43.0,5.1,340,7.5,35.5571,129.32249,34.69
1997,1,7,7,4.344,2.2,-6.8,0.3,-2.0,61.3,1.9,320,1.6,35.5571,129.32249,34.69
1997,1,8,8,6.994,5.4,-2.2,0.0,1.1,51.4,2.6,340,5.5,35.5571,129.32249,34.69
1997,1,9,9,8.377,5.7,-4.5,0.0,0.3,43.3,2.8,340,7.5,35.5571,129.32249,34.69
1997,1,10,10,7.529,6.0,-3.2,0.0,0.7,54.6,1.5,50,6.2,35.5571,129.32249,34.69
1997,1,11,11,3.335,5.9,-3.2,0.0,2.6,71.4,1.7,360,0.0,35.5571,129.32249,34.69
1997,1,12,12,3.353,8.2,2.2,0.1,4.8,72.3,0.8,50,0.0,35.5571,129.32249,34.69
1997,1,13,13,7.359,14.5,1.0,0.0,6.9,67.6,1.3,270,5.8,35.5571,129.32249,34.69
1997,1,14,14,7.672,10.3,-0.9,0.0,3.7,43.8,1.8,290,6.2,35.5571,129.32249,34.69
1997,1,15,15,8.82,8.6,-3.1,0.0,2.0,29.4,1.7,20,7.8,35.5571,129.32249,34.69
1997,1,16,16,8.03,9.9,-2.1,0.0,2.7,29.0,1.6,360,6.6,35.5571,129.32249,34.69
1997,1,17,17,8.213,11.0,-3.1,0.0,3.4,49.3,1.4,320,6.8,35.5571,129.32249,34.69
1997,1,18,18,9.523,8.1,-1.3,0.0,2.9,28.9,2.9,340,8.6,35.5571,129.32249,34.69
1997,1,19,19,9.223,8.2,-5.0,0.0,0.6,32.6,1.7,20,8.1,35.5571,129.32249,34.69
1997,1,20,20,9.701,11.0,-2.3,0.0,3.5,49.3,1.3,110,8.7,35.5571,129.32249,34.69
1997,1,21,21,9.543,1.4,-9.0,0.0,-2.5,36.0,4.0,320,8.4,35.5571,129.32249,34.69
1997,1,22,22,9.671,5.4,-10.0,0.0,-3.2,30.6,1.8,360,8.5,35.5571,129.32249,34.69
1997,1,23,23,3.61,3.4,-5.9,0.0,-0.3,47.4,1.7,320,0.0,35.5571,129.32249,34.69
1997,1,24,24,6.605,4.7,-3.0,0.0,-0.6,40.1,3.2,340,4.1,35.5571,129.32249,34.69
1997,1,25,25,10.286,7.1,-4.3,0.0,0.6,33.3,3.7,320,9.1,35.5571,129.32249,34.69
1997,1,26,26,10.058,10.4,-5.2,0.0,1.8,50.9,1.3,270,8.7,35.5571,129.32249,34.69
1997,1,27,27,9.681,9.8,-3.0,0.0,2.4,49.8,1.1,290,8.1,35.5571,129.32249,34.69
1997,1,28,28,10.04,7.1,-2.7,0.0,1.6,50.6,2.8,270,8.5,35.5571,129.32249,34.69
1997,1,29,29,10.478,5.5,-2.5,0.0,0.9,40.3,3.7,320,9.0,35.5571,129.32249,34.69
1997,1,30,30,8.604,5.5,-3.4,0.0,1.5,32.4,1.6,320,6.4,35.5571,129.32249,34.69
1997,1,31,31,10.243,11.0,-2.1,0.0,3.5,37.0,1.5,320,8.5,35.5571,129.32249,34.69
1997,2,1,32,8.751,7.8,-3.2,0.0,2.2,58.1,1.7,360,8.4,35.5571,129.32249,34.69
1997,2,2,33,5.193,11.3,-0.7,0.0,3.7,61.9,1.3,360,3.0,35.5571,129.32249,34.69
1997,2,3,34,9.065,7.4,-3.5,0.0,0.8,55.1,2.0,360,8.8,35.5571,129.32249,34.69
1997,2,4,35,6.426,7.5,-4.4,0.0,1.9,57.4,1.3,70,4.8,35.5571,129.32249,34.69
1997,2,5,36,5.579,12.3,-0.9,0.0,4.8,58.6,1.1,340,3.5,35.5571,129.32249,34.69
1997,2,6,37,8.416,7.4,0.0,0.0,2.8,41.8,3.1,340,7.7,35.5571,129.32249,34.69
1997,2,7,38,6.429,10.4,-1.3,0.0,4.0,52.3,1.1,270,4.7,35.5571,129.32249,34.69
1997,2,8,39,8.749,12.2,-2.4,0.0,4.2,49.4,1.1,290,8.1,35.5571,129.32249,34.69
1997,2,9,40,9.393,14.1,-1.5,0.0,5.9,59.9,1.0,140,9.0,35.5571,129.32249,34.69
1997,2,10,41,7.054,12.0,1.6,0.0,5.8,50.0,1.6,270,5.5,35.5571,129.32249,34.69
1997,2,11,42,9.745,6.4,-1.8,0.0,1.6,44.9,3.8,340,9.4,35.5571,129.32249,34.69
1997,2,12,43,9.789,6.8,-3.1,0.0,1.3,36.4,3.5,290,9.4,35.5571,129.32249,34.69
1997,2,13,44,9.971,7.5,-4.4,0.0,1.2,34.9,2.4,340,9.6,35.5571,129.32249,34.69
1997,2,14,45,9.397,10.3,-2.8,0.0,3.3,41.3,1.8,360,8.7,35.5571,129.32249,34.69
1997,2,15,46,5.701,11.4,-1.9,0.0,4.3,50.5,1.4,270,3.3,35.5571,129.32249,34.69
1997,2,16,47,9.979,5.6,-2.3,0.0,2.0,36.8,3.4,360,9.4,35.5571,129.32249,34.69
1997,2,17,48,10.101,7.8,-5.0,0.0,0.7,33.5,2.1,320,9.5,35.5571,129.32249,34.69
1997,2,18,49,8.259,6.8,-3.8,0.0,0.9,41.4,4.1,340,6.8,35.5571,129.32249,34.69
1997,2,19,50,10.423,9.6,-3.4,0.0,2.5,36.1,2.7,270,9.8,35.5571,129.32249,34.69
1997,2,20,51,9.914,13.1,-2.7,0.0,6.1,40.0,3.0,270,9.0,35.5571,129.32249,34.69
1997,2,21,52,10.541,9.2,-0.7,0.0,4.0,36.3,5.0,320,9.8,35.5571,129.32249,34.69
1997,2,22,53,10.602,8.0,-4.1,0.0,1.8,54.0,2.4,110,9.8,35.5571,129.32249,34.69
1997,2,23,54,10.737,13.3,-3.6,0.0,4.6,65.6,1.2,320,9.9,35.5571,129.32249,34.69
1997,2,24,55,10.657,17.0,0.1,0.0,9.2,53.6,1.3,250,9.7,35.5571,129.32249,34.69
1997,2,25,56,3.666,16.7,8.4,2.7,11.4,81.8,1.1,70,0.0,35.5571,129.32249,34.69
1997,2,26,57,3.695,9.8,6.4,0.0,8.6,74.8,1.7,50,0.0,35.5571,129.32249,34.69
1997,2,27,58,9.902,15.6,2.4,0.0,8.2,69.1,1.3,320,8.4,35.5571,129.32249,34.69
1997,2,28,59,7.896,19.5,2.9,1.7,11.9,75.8,3.0,200,5.6,35.5571,129.32249,34.69
1997,3,1,60,9.677,12.2,3.7,0.1,8.0,50.0,2.9,340,9.8,35.5571,129.32249,34.69
1997,3,2,61,7.978,12.7,0.5,0.0,5.7,34.0,2.4,360,7.2,35.5571,129.32249,34.69
1997,3,3,62,9.863,10.8,-1.1,0.0,4.2,30.5,2.1,320,10.0,35.5571,129.32249,34.69
1997,3,4,63,9.693,15.3,1.5,0.0,8.0,33.5,2.4,360,9.7,35.5571,129.32249,34.69
1997,3,5,64,9.59,18.9,3.7,0.0,10.5,44.6,1.4,320,9.5,35.5571,129.32249,34.69
1997,3,6,65,4.058,14.3,3.1,3.4,10.2,79.3,1.9,230,1.2,35.5571,129.32249,34.69
1997,3,7,66,9.724,17.7,6.4,0.0,11.0,42.9,2.4,320,9.6,35.5571,129.32249,34.69
1997,3,8,67,10.098,18.5,0.6,0.0,9.4,38.9,1.4,320,10.1,35.5571,129.32249,34.69
1997,3,9,68,8.513,16.7,5.5,0.0,10.5,54.3,1.7,110,7.7,35.5571,129.32249,34.69
1997,3,10,69,3.317,11.7,8.4,7.9,9.9,87.3,1.1,290,0.0,35.5571,129.32249,34.69
1997,3,11,70,6.676,13.1,8.4,0.0,10.2,59.0,2.7,110,4.9,35.5571,129.32249,34.69
1997,3,12,71,6.229,14.5,7.4,0.0,10.1,59.6,1.7,90,4.2,35.5571,129.32249,34.69
1997,3,13,72,3.923,16.9,7.5,0.5,11.6,74.1,1.2,160,0.8,35.5571,129.32249,34.69
1997,3,14,73,3.393,10.8,5.3,9.3,7.6,86.8,2.8,50,0.0,35.5571,129.32249,34.69
1997,3,15,74,3.414,6.8,4.5,1.8,5.7,84.1,2.8,360,0.0,35.5571,129.32249,34.69
1997,3,16,75,3.923,7.5,3.5,0.0,4.7,69.8,3.3,340,0.7,35.5571,129.32249,34.69
1997,3,17,76,3.459,8.5,2.4,0.5,4.9,61.5,2.7,340,0.0,35.5571,129.32249,34.69
1997,3,18,77,10.647,14.1,0.0,0.0,7.0,60.4,1.5,140,10.2,35.5571,129.32249,34.69
1997,3,19,78,5.059,13.9,3.3,0.0,8.4,65.0,2.1,360,2.2,35.5571,129.32249,34.69
1997,3,20,79,7.431,12.9,4.2,0.0,8.6,58.3,2.6,70,5.5,35.5571,129.32249,34.69
1997,3,21,80,9.187,16.9,1.1,0.0,9.8,53.9,1.2,50,7.9,35.5571,129.32249,34.69
1997,3,22,81,5.374,12.5,5.4,0.0,9.0,59.9,2.4,20,2.5,35.5571,129.32249,34.69
1997,3,23,82,7.785,14.2,0.3,0.0,5.9,60.8,2.9,340,5.8,35.5571,129.32249,34.69
1997,3,24,83,11.164,13.7,-2.3,0.0,6.2,41.1,1.8,200,10.4,35.5571,129.32249,34.69
1997,3,25,84,10.213,20.2,4.7,0.0,12.8,27.1,2.3,360,9.0,35.5571,129.32249,34.69
1997,3,26,85,6.036,17.7,6.5,0.0,11.2,51.6,2.0,320,3.2,35.5571,129.32249,34.69
1997,3,27,86,10.711,19.2,3.2,0.0,10.7,55.3,1.7,340,9.5,35.5571,129.32249,34.69
1997,3,28,87,8.192,22.3,5.5,0.0,13.5,39.5,2.6,270,6.0,35.5571,129.32249,34.69
1997,3,29,88,5.125,17.3,11.4,1.9,13.2,68.3,1.3,270,1.8,35.5571,129.32249,34.69
1997,3,30,89,11.894,14.4,2.8,0.0,7.8,19.5,3.8,20,10.8,35.5571,129.32249,34.69
1997,3,31,90,11.972,15.1,0.5,0.0,7.4,27.9,3.4,360,10.8,35.5571,129.32249,34.69
1997,4,1,91,10.008,18.4,2.1,0.4,11.5,47.0,1.9,200,10.3,35.5571,129.32249,34.69
1997,4,2,92,3.203,17.0,8.2,35.6,11.4,92.6,1.4,90,0.0,35.5571,129.32249,34.69
1997,4,3,93,3.214,10.9,9.4,4.5,10.4,82.1,2.4,50,0.0,35.5571,129.32249,34.69
1997,4,4,94,3.226,11.1,8.3,4.7,9.5,81.6,1.7,360,0.0,35.5571,129.32249,34.69
1997,4,5,95,3.239,11.0,8.5,2.3,9.9,83.4,1.6,360,0.0,35.5571,129.32249,34.69
1997,4,6,96,3.253,12.7,8.8,1.2,10.4,82.1,1.0,50,0.0,35.5571,129.32249,34.69
1997,4,7,97,9.657,18.6,6.5,0.0,12.2,67.4,1.6,180,9.5,35.5571,129.32249,34.69
1997,4,8,98,4.363,19.2,7.7,0.1,13.3,52.8,1.6,320,1.6,35.5571,129.32249,34.69
1997,4,9,99,10.341,19.6,9.1,0.0,13.3,32.1,3.0,50,10.4,35.5571,129.32249,34.69
1997,4,10,100,10.994,20.8,7.2,0.0,13.4,22.9,2.5,50,11.3,35.5571,129.32249,34.69
1997,4,11,101,9.404,20.6,7.6,0.0,13.5,32.0,2.8,360,8.9,35.5571,129.32249,34.69
1997,4,12,102,11.226,23.9,8.2,0.0,15.7,24.9,3.2,320,11.5,35.5571,129.32249,34.69
1997,4,13,103,11.414,25.4,8.2,0.0,16.8,33.6,1.8,270,11.7,35.5571,129.32249,34.69
1997,4,14,104,9.604,24.3,11.0,0.0,15.8,60.3,2.3,160,9.0,35.5571,129.32249,34.69
1997,4,15,105,8.82,16.1,9.6,0.0,12.6,59.8,3.4,50,7.8,35.5571,129.32249,34.69
1997,4,16,106,9.701,18.2,5.8,0.0,12.0,65.4,1.9,180,9.0,35.5571,129.32249,34.69
1997,4,17,107,10.451,23.0,8.3,0.0,14.9,56.4,2.3,320,10.0,35.5571,129.32249,34.69
1997,4,18,108,7.556,17.9,9.2,4.2,12.3,72.8,1.7,180,5.8,35.5571,129.32249,34.69
1997,4,19,109,11.622,20.6,6.5,0.0,13.0,68.0,1.8,180,11.5,35.5571,129.32249,34.69
1997,4,20,110,11.119,21.4,5.8,0.0,13.6,57.5,1.8,200,10.7,35.5571,129.32249,34.69
1997,4,21,111,3.557,15.4,9.2,3.5,13.2,88.8,0.8,270,0.0,35.5571,129.32249,34.69
1997,4,22,112,10.316,19.2,9.7,0.0,14.0,64.6,2.9,90,9.4,35.5571,129.32249,34.69
1997,4,23,113,10.665,15.7,8.2,0.0,11.6,57.0,3.2,110,9.8,35.5571,129.32249,34.69
1997,4,24,114,10.006,19.4,4.9,0.0,12.7,54.1,1.7,230,8.8,35.5571,129.32249,34.69
1997,4,25,115,8.977,23.4,7.7,0.0,14.3,47.6,2.0,320,7.3,35.5571,129.32249,34.69
1997,4,26,116,11.96,24.6,6.9,0.0,15.9,47.6,1.8,230,11.3,35.5571,129.32249,34.69
1997,4,27,117,9.976,25.2,8.9,0.0,17.4,40.1,2.2,230,8.5,35.5571,129.32249,34.69
1997,4,28,118,10.706,26.8,12.0,0.5,18.6,44.3,1.9,320,9.4,35.5571,129.32249,34.69
1997,4,29,119,10.776,27.5,17.0,0.0,21.4,56.1,3.2,230,9.4,35.5571,129.32249,34.69
1997,4,30,120,7.856,21.3,12.7,0.0,17.1,61.6,2.6,50,5.4,35.5571,129.32249,34.69
1997,5,1,121,10.868,28.2,8.6,0.0,18.3,47.3,2.1,250,11.6,35.5571,129.32249,34.69
1997,5,2,122,5.06,25.2,12.7,0.0,18.3,50.6,1.2,270,2.8,35.5571,129.32249,34.69
1997,5,3,123,7.868,23.0,14.3,0.0,17.9,71.4,1.8,140,7.0,35.5571,129.32249,34.69
1997,5,4,124,10.426,29.0,13.7,3.1,21.8,61.4,2.6,230,10.8,35.5571,129.32249,34.69
1997,5,5,125,8.654,26.0,17.1,0.3,20.8,70.3,1.8,140,8.1,35.5571,129.32249,34.69
1997,5,6,126,7.812,30.8,19.0,0.0,24.6,65.9,3.6,250,6.8,35.5571,129.32249,34.69
1997,5,7,127,3.268,22.8,20.0,67.1,21.6,91.5,2.6,230,0.0,35.5571,129.32249,34.69
1997,5,8,128,3.283,22.4,10.6,5.6,14.5,88.1,2.9,50,0.0,35.5571,129.32249,34.69
1997,5,9,129,10.95,24.0,6.8,0.1,15.9,58.1,1.6,320,11.3,35.5571,129.32249,34.69
1997,5,10,130,9.568,25.8,10.8,0.0,18.2,42.4,2.7,230,9.2,35.5571,129.32249,34.69
1997,5,11,131,4.699,23.4,14.4,0.0,19.4,71.3,1.9,290,2.0,35.5571,129.32249,34.69
1997,5,12,132,3.353,19.8,15.7,17.9,17.2,86.1,1.4,70,0.0,35.5571,129.32249,34.69
1997,5,13,133,3.373,21.7,14.8,34.8,17.8,93.4,1.0,70,0.0,35.5571,129.32249,34.69
1997,5,14,134,7.12,28.5,17.4,31.5,21.5,80.9,1.6,70,5.4,35.5571,129.32249,34.69
1997,5,15,135,5.147,28.3,18.4,0.1,22.8,75.9,1.2,110,2.5,35.5571,129.32249,34.69
1997,5,16,136,7.613,30.2,17.7,0.0,23.4,52.5,2.7,270,6.0,35.5571,129.32249,34.69
1997,5,17,137,11.78,28.0,12.2,0.0,21.0,31.1,3.1,230,11.9,35.5571,129.32249,34.69
1997,5,18,138,10.507,29.7,17.3,0.0,22.7,31.1,3.2,250,10.0,35.5571,129.32249,34.69
1997,5,19,139,9.293,24.9,13.4,0.0,18.8,61.1,2.3,250,8.2,35.5571,129.32249,34.69
1997,5,20,140,4.666,17.9,12.7,0.3,14.4,73.5,1.9,90,1.6,35.5571,129.32249,34.69
1997,5,21,141,9.115,20.1,9.8,2.8,14.6,73.5,1.6,180,7.8,35.5571,129.32249,34.69
1997,5,22,142,12.178,23.6,9.9,0.0,17.2,64.1,2.0,140,12.0,35.5571,129.32249,34.69
1997,5,23,143,10.665,25.3,12.5,0.0,18.5,54.5,2.4,270,9.8,35.5571,129.32249,34.69
1997,5,24,144,8.776,20.8,13.1,4.4,16.8,57.9,3.0,340,7.1,35.5571,129.32249,34.69
1997,5,25,145,11.305,25.2,11.1,0.0,17.5,60.0,2.1,50,10.5,35.5571,129.32249,34.69
1997,5,26,146,5.889,19.7,10.3,1.1,14.8,76.9,2.3,90,3.0,35.5571,129.32249,34.69
1997,5,27,147,3.725,18.0,13.7,0.0,15.4,74.6,2.1,50,0.0,35.5571,129.32249,34.69
1997,5,28,148,5.382,20.7,13.8,0.0,16.4,71.0,1.9,110,2.2,35.5571,129.32249,34.69
1997,5,29,149,5.422,25.8,14.7,0.0,18.2,78.0,1.4,250,2.2,35.5571,129.32249,34.69
1997,5,30,150,6.959,26.2,14.2,3.8,18.8,80.9,2.1,320,4.2,35.5571,129.32249,34.69
1997,5,31,151,13.25,27.2,13.3,0.0,20.5,64.1,1.7,320,12.5,35.5571,129.32249,34.69
1997,6,1,152,7.692,26.7,15.0,0.0,21.2,67.4,3.3,250,6.8,35.5571,129.32249,34.69
1997,6,2,153,8.84,27.8,18.1,4.4,21.8,65.9,2.8,250,8.5,35.5571,129.32249,34.69
1997,6,3,154,11.126,26.0,13.9,0.0,20.2,56.1,1.9,140,11.9,35.5571,129.32249,34.69
1997,6,4,155,9.226,25.8,15.0,0.0,20.3,60.9,2.2,320,9.0,35.5571,129.32249,34.69
1997,6,5,156,5.044,25.0,14.1,12.7,18.8,80.6,1.3,320,2.7,35.5571,129.32249,34.69
1997,6,6,157,6.27,21.2,15.0,1.1,17.9,78.9,2.3,90,4.5,35.5571,129.32249,34.69
1997,6,7,158,11.271,26.2,12.4,0.0,19.3,75.5,1.8,140,11.9,35.5571,129.32249,34.69
1997,6,8,159,3.283,20.6,17.0,37.8,18.8,92.0,1.9,70,0.0,35.5571,129.32249,34.69
1997,6,9,160,5.128,25.2,17.4,1.0,20.2,85.3,1.4,290,2.7,35.5571,129.32249,34.69
1997,6,10,161,8.684,30.9,16.9,0.0,23.9,49.1,1.8,320,7.9,35.5571,129.32249,34.69
1997,6,11,162,8.722,30.3,16.4,0.0,23.4,47.9,1.8,320,7.9,35.5571,129.32249,34.69
1997,6,12,163,9.309,30.4,17.3,0.0,23.7,54.9,1.8,200,8.7,35.5571,129.32249,34.69
1997,6,13,164,10.246,29.6,16.8,0.0,23.2,64.9,1.4,180,10.0,35.5571,129.32249,34.69
1997,6,14,165,10.433,30.0,16.3,0.0,23.0,64.6,1.7,140,10.2,35.5571,129.32249,34.69
1997,6,15,166,10.692,28.2,17.5,0.0,22.3,63.4,2.1,140,10.5,35.5571,129.32249,34.69
1997,6,16,167,11.302,29.6,16.8,0.0,23.2,59.4,1.7,90,11.3,35.5571,129.32249,34.69
1997,6,17,168,11.43,31.2,17.2,0.0,23.9,68.5,1.8,160,11.4,35.5571,129.32249,34.69
1997,6,18,169,10.998,30.9,17.4,0.0,24.5,65.5,1.7,160,10.7,35.5571,129.32249,34.69
1997,6,19,170,10.917,29.6,19.0,0.0,24.4,64.3,2.1,70,10.5,35.5571,129.32249,34.69
1997,6,20,171,5.02,26.6,19.3,21.1,22.8,79.4,1.7,360,2.1,35.5571,129.32249,34.69
1997,6,21,172,9.115,32.0,20.0,0.0,25.2,68.3,1.4,360,7.8,35.5571,129.32249,34.69
1997,6,22,173,4.657,29.6,21.0,0.0,24.3,73.4,1.6,320,1.5,35.5571,129.32249,34.69
1997,6,23,174,10.665,30.4,18.6,0.0,24.3,74.3,1.8,180,9.8,35.5571,129.32249,34.69
1997,6,24,175,10.802,32.6,19.5,0.0,25.4,68.9,2.1,250,9.9,35.5571,129.32249,34.69
1997,6,25,176,3.666,25.0,22.7,55.4,23.7,90.5,2.1,250,0.0,35.5571,129.32249,34.69
1997,6,26,177,3.695,26.8,23.2,112.7,24.8,90.1,2.3,250,0.0,35.5571,129.32249,34.69
1997,6,27,178,5.343,29.4,22.9,2.0,25.1,84.5,1.7,270,2.2,35.5571,129.32249,34.69
1997,6,28,179,5.826,25.5,19.5,33.9,22.0,85.4,3.3,50,2.8,35.5571,129.32249,34.69
1997,6,29,180,11.742,29.8,16.7,0.0,23.6,77.6,1.4,140,10.7,35.5571,129.32249,34.69
1997,6,30,181,7.632,30.0,20.1,0.0,24.9,60.3,1.5,320,5.1,35.5571,129.32249,34.69
1997,7,1,182,3.192,24.7,23.1,21.2,24.1,89.4,3.0,230,0.0,35.5571,129.32249,34.69
1997,7,2,183,3.601,30.4,24.6,0.0,27.0,78.3,2.7,270,0.6,35.5571,129.32249,34.69
1997,7,3,184,8.267,31.9,25.3,0.0,28.1,69.6,4.4,290,7.6,35.5571,129.32249,34.69
1997,7,4,185,6.093,30.0,26.4,0.0,27.9,66.8,5.4,270,4.3,35.5571,129.32249,34.69
1997,7,5,186,3.239,30.1,24.2,0.0,27.0,73.9,3.6,250,0.0,35.5571,129.32249,34.69
1997,7,6,187,3.253,27.7,19.0,26.8,24.5,87.3,3.6,270,0.0,35.5571,129.32249,34.69
1997,7,7,188,8.648,28.4,18.3,1.9,22.9,72.3,1.3,90,8.0,35.5571,129.32249,34.69
1997,7,8,189,3.283,22.7,19.5,3.1,21.0,88.0,1.0,340,0.0,35.5571,129.32249,34.69
1997,7,9,190,3.3,25.9,18.5,0.0,21.8,80.9,1.0,360,0.0,35.5571,129.32249,34.69
1997,7,10,191,5.899,26.3,19.0,0.0,22.7,78.3,1.8,140,3.8,35.5571,129.32249,34.69
1997,7,11,192,3.335,22.2,19.2,63.9,20.6,91.9,1.1,50,0.0,35.5571,129.32249,34.69
1997,7,12,193,3.353,21.8,19.4,4.8,20.7,94.4,0.9,290,0.0,35.5571,129.32249,34.69
1997,7,13,194,3.373,25.5,19.7,1.1,22.5,91.1,0.9,180,0.0,35.5571,129.32249,34.69
1997,7,14,195,9.466,32.1,21.1,0.0,26.1,75.4,1.6,340,8.8,35.5571,129.32249,34.69
1997,7,15,196,6.048,31.6,23.6,7.5,27.0,77.8,2.6,270,3.8,35.5571,129.32249,34.69
1997,7,16,197,5.107,28.4,23.8,46.4,25.5,88.3,1.6,230,2.4,35.5571,129.32249,34.69
1997,7,17,198,4.368,25.7,20.0,1.5,22.8,86.5,1.6,90,1.3,35.5571,129.32249,34.69
1997,7,18,199,12.192,28.6,17.4,0.0,23.2,76.6,1.4,180,12.4,35.5571,129.32249,34.69
1997,7,19,200,12.258,31.7,17.6,0.0,24.9,68.0,1.4,200,12.4,35.5571,129.32249,34.69
1997,7,20,201,11.97,34.0,19.9,0.0,27.2,73.4,1.5,290,11.9,35.5571,129.32249,34.69
1997,7,21,202,11.61,34.7,23.9,0.0,28.9,74.3,1.1,320,11.3,35.5571,129.32249,34.69
1997,7,22,203,11.032,35.1,25.2,0.0,29.6,72.5,1.6,340,10.4,35.5571,129.32249,34.69
1997,7,23,204,9.729,33.7,24.8,0.0,28.5,79.3,1.4,90,8.5,35.5571,129.32249,34.69
1997,7,24,205,11.887,32.6,23.7,0.0,27.9,72.5,1.2,160,11.4,35.5571,129.32249,34.69
1997,7,25,206,11.668,32.6,22.1,0.0,27.6,66.9,2.0,90,11.0,35.5571,129.32249,34.69
1997,7,26,207,5.67,28.1,24.2,0.3,25.7,74.4,3.0,50,2.7,35.5571,129.32249,34.69
1997,7,27,208,5.122,31.5,22.8,1.4,26.3,72.4,1.6,90,1.9,35.5571,129.32249,34.69
1997,7,28,209,5.382,30.6,21.5,8.6,25.5,82.5,1.2,70,2.2,35.5571,129.32249,34.69
1997,7,29,210,7.727,31.3,23.4,0.0,26.4,79.9,1.2,90,5.3,35.5571,129.32249,34.69
1997,7,30,211,11.744,30.6,22.2,0.0,25.8,77.8,1.6,90,10.6,35.5571,129.32249,34.69
1997,7,31,212,9.791,30.0,22.1,0.0,26.3,78.0,1.5,90,7.9,35.5571,129.32249,34.69
1997,8,1,213,10.67,32.8,23.2,0.0,28.1,74.6,1.8,180,11.3,35.5571,129.32249,34.69
1997,8,2,214,10.366,34.4,24.8,0.0,29.2,70.8,2.5,270,10.8,35.5571,129.32249,34.69
1997,8,3,215,8.666,33.4,26.5,0.0,29.5,70.0,3.6,290,8.2,35.5571,129.32249,34.69
1997,8,4,216,3.226,27.5,23.2,59.5,25.1,91.9,2.6,250,0.0,35.5571,129.32249,34.69
1997,8,5,217,4.844,31.0,22.0,14.0,25.2,78.3,1.4,200,2.4,35.5571,129.32249,34.69
1997,8,6,218,11.165,32.3,19.9,0.0,25.9,73.1,1.5,320,11.8,35.5571,129.32249,34.69
1997,8,7,219,4.949,32.3,22.8,2.2,26.7,85.0,1.4,270,2.5,35.5571,129.32249,34.69
1997,8,8,220,6.522,32.9,25.2,0.0,28.8,83.8,2.0,250,4.8,35.5571,129.32249,34.69
1997,8,9,221,4.586,32.2,24.9,19.6,27.5,86.4,4.0,230,1.9,35.5571,129.32249,34.69
1997,8,10,222,3.317,28.1,22.1,56.5,24.6,95.3,1.4,110,0.0,35.5571,129.32249,34.69
1997,8,11,223,3.335,24.2,21.9,27.6,22.9,95.5,1.1,360,0.0,35.5571,129.32249,34.69
1997,8,12,224,3.353,24.9,22.3,2.6,23.2,88.3,1.5,70,0.0,35.5571,129.32249,34.69
1997,8,13,225,3.854,25.8,21.6,0.2,23.3,86.0,2.6,90,0.7,35.5571,129.32249,34.69
1997,8,14,226,3.393,24.4,21.4,1.0,22.6,86.8,2.1,50,0.0,35.5571,129.32249,34.69
1997,8,15,227,4.592,25.3,21.5,0.0,23.2,77.0,3.1,70,1.7,35.5571,129.32249,34.69
1997,8,16,228,6.917,26.4,21.6,0.0,23.2,73.8,2.5,90,5.0,35.5571,129.32249,34.69
1997,8,17,229,5.626,27.1,21.9,0.0,24.2,83.1,2.0,90,3.1,35.5571,129.32249,34.69
1997,8,18,230,5.87,30.0,22.8,5.6,25.9,82.9,1.7,90,3.4,35.5571,129.32249,34.69
1997,8,19,231,4.635,29.4,24.1,3.5,26.3,87.5,1.6,90,1.6,35.5571,129.32249,34.69
1997,8,20,232,4.737,30.7,24.9,0.0,27.3,83.9,1.3,140,1.7,35.5571,129.32249,34.69
1997,8,21,233,9.258,32.4,24.0,0.0,27.9,74.1,3.0,250,8.0,35.5571,129.32249,34.69
1997,8,22,234,10.96,31.0,23.1,0.0,27.0,62.1,2.4,360,10.3,35.5571,129.32249,34.69
1997,8,23,235,11.673,33.4,21.7,0.0,27.1,59.5,1.5,340,11.2,35.5571,129.32249,34.69
1997,8,24,236,10.874,32.5,22.6,0.0,26.8,64.8,1.9,360,10.0,35.5571,129.32249,34.69
1997,8,25,237,4.394,27.1,21.5,0.0,24.0,76.3,1.7,90,1.0,35.5571,129.32249,34.69
1997,8,26,238,8.084,28.5,19.8,0.0,23.9,77.9,1.2,160,6.0,35.5571,129.32249,34.69
1997,8,27,239,8.725,32.6,20.4,0.0,26.1,76.5,1.5,110,6.8,35.5571,129.32249,34.69
1997,8,28,240,10.262,33.7,21.9,0.0,27.4,66.5,1.6,230,8.8,35.5571,129.32249,34.69
1997,8,29,241,4.976,30.6,22.3,0.0,26.2,74.6,1.0,320,1.6,35.5571,129.32249,34.69
1997,8,30,242,9.052,33.1,22.8,0.0,27.9,74.8,1.5,320,7.0,35.5571,129.32249,34.69
1997,8,31,243,10.243,33.6,24.2,0.0,28.9,71.8,1.5,340,8.5,35.5571,129.32249,34.69
1997,9,1,244,10.471,35.4,25.8,0.0,29.9,64.5,2.4,340,11.0,35.5571,129.32249,34.69
1997,9,2,245,6.187,34.5,24.3,3.6,29.0,76.9,2.3,90,4.5,35.5571,129.32249,34.69
1997,9,3,246,4.544,24.9,18.9,6.6,21.7,75.9,2.1,20,2.0,35.5571,129.32249,34.69
1997,9,4,247,6.826,26.1,17.2,0.0,21.0,73.4,1.2,140,5.4,35.5571,129.32249,34.69
1997,9,5,248,5.78,27.9,17.2,0.0,22.4,71.9,1.1,90,3.8,35.5571,129.32249,34.69
1997,9,6,249,3.387,25.6,19.7,0.0,22.6,79.9,1.0,70,0.2,35.5571,129.32249,34.69
1997,9,7,250,9.052,29.1,18.4,0.0,23.1,67.8,1.4,360,8.6,35.5571,129.32249,34.69
1997,9,8,251,10.908,30.5,17.0,0.0,23.3,77.3,1.1,270,11.3,35.5571,129.32249,34.69
1997,9,9,252,10.612,33.0,18.1,0.0,25.5,64.5,1.1,250,10.8,35.5571,129.32249,34.69
1997,9,10,253,9.228,29.8,21.4,0.0,25.0,74.9,1.9,20,8.7,35.5571,129.32249,34.69
1997,9,11,254,4.358,25.6,20.5,0.0,22.7,83.4,1.5,90,1.5,35.5571,129.32249,34.69
1997,9,12,255,8.488,27.6,20.6,0.0,23.5,75.5,2.4,50,7.5,35.5571,129.32249,34.69
1997,9,13,256,4.404,25.5,19.4,0.0,21.6,82.0,2.5,50,1.5,35.5571,129.32249,34.69
1997,9,14,257,3.393,21.9,19.1,0.0,20.8,77.4,3.6,50,0.0,35.5571,129.32249,34.69
1997,9,15,258,3.414,22.1,17.0,8.8,19.7,71.0,5.5,90,0.0,35.5571,129.32249,34.69
1997,9,16,259,3.436,19.9,16.9,21.4,18.8,93.9,4.0,50,0.0,35.5571,129.32249,34.69
1997,9,17,260,10.94,25.3,18.3,0.0,21.2,74.9,2.2,20,10.7,35.5571,129.32249,34.69
1997,9,18,261,9.172,24.7,16.4,0.0,20.5,77.5,1.6,90,8.1,35.5571,129.32249,34.69
1997,9,19,262,10.634,23.2,14.3,0.0,18.2,66.3,2.4,20,10.1,35.5571,129.32249,34.69
1997,9,20,263,4.808,24.2,13.6,0.0,18.7,70.0,0.8,320,1.8,35.5571,129.32249,34.69
1997,9,21,264,6.407,20.7,15.3,0.0,17.7,65.5,1.7,50,4.0,35.5571,129.32249,34.69
1997,9,22,265,4.657,21.2,13.8,0.0,18.1,71.3,1.9,50,1.5,35.5571,129.32249,34.69
1997,9,23,266,10.521,23.2,16.4,0.0,19.3,63.6,2.4,20,9.6,35.5571,129.32249,34.69
1997,9,24,267,8.848,22.7,13.3,0.0,17.9,67.1,1.6,90,7.2,35.5571,129.32249,34.69
1997,9,25,268,3.666,20.7,16.1,7.0,18.3,88.5,0.9,90,0.0,35.5571,129.32249,34.69
1997,9,26,269,6.621,23.4,14.4,2.6,17.6,78.0,1.7,20,4.0,35.5571,129.32249,34.69
1997,9,27,270,7.475,22.0,13.9,0.0,17.4,68.0,1.4,20,5.1,35.5571,129.32249,34.69
1997,9,28,271,8.857,22.9,13.6,0.0,17.6,66.0,1.6,360,6.9,35.5571,129.32249,34.69
1997,9,29,272,10.478,23.8,12.2,0.0,17.4,68.9,1.3,320,9.0,35.5571,129.32249,34.69
1997,9,30,273,11.071,25.3,11.5,0.0,17.5,71.4,1.2,140,9.7,35.5571,129.32249,34.69
1997,10,1,274,7.097,23.2,12.6,0.0,18.1,72.3,1.3,110,5.9,35.5571,129.32249,34.69
1997,10,2,275,6.519,24.7,15.2,0.0,19.1,73.8,1.3,140,5.0,35.5571,129.32249,34.69
1997,10,3,276,7.137,24.7,14.2,0.0,19.3,79.8,1.1,110,5.9,35.5571,129.32249,34.69
1997,10,4,277,5.026,25.7,16.2,0.0,20.2,71.1,0.8,160,2.7,35.5571,129.32249,34.69
1997,10,5,278,7.986,22.5,13.8,0.0,17.8,63.5,2.1,360,7.1,35.5571,129.32249,34.69
1997,10,6,279,5.935,21.3,12.4,0.0,16.6,74.6,1.3,180,4.0,35.5571,129.32249,34.69
1997,10,7,280,8.177,23.8,11.5,0.0,17.5,64.1,2.0,340,7.3,35.5571,129.32249,34.69
1997,10,8,281,9.828,21.9,10.4,0.0,15.5,54.8,1.6,50,9.7,35.5571,129.32249,34.69
1997,10,9,282,9.867,23.8,9.1,0.0,15.8,50.1,1.4,250,9.7,35.5571,129.32249,34.69
1997,10,10,283,8.481,25.0,9.4,0.5,17.6,64.0,1.9,270,7.6,35.5571,129.32249,34.69
1997,10,11,284,9.882,19.5,11.2,0.0,15.1,38.4,3.0,360,9.6,35.5571,129.32249,34.69
1997,10,12,285,9.925,20.3,9.3,0.0,13.6,49.4,1.6,360,9.6,35.5571,129.32249,34.69
1997,10,13,286,9.627,22.5,8.1,0.0,14.9,46.6,1.7,250,9.1,35.5571,129.32249,34.69
1997,10,14,287,8.776,25.2,13.7,0.0,19.2,61.4,2.1,360,7.8,35.5571,129.32249,34.69
1997,10,15,288,8.612,19.7,9.8,0.0,14.5,68.5,1.2,110,7.5,35.5571,129.32249,34.69
1997,10,16,289,9.84,23.7,10.7,0.0,16.3,70.6,1.4,320,9.2,35.5571,129.32249,34.69
1997,10,17,290,8.703,26.0,10.4,0.0,17.9,62.9,1.6,320,7.5,35.5571,129.32249,34.69
1997,10,18,291,10.015,24.8,12.1,0.0,16.9,63.6,1.1,140,9.3,35.5571,129.32249,34.69
1997,10,19,292,9.717,26.7,9.8,0.0,18.0,55.9,1.5,250,8.8,35.5571,129.32249,34.69
1997,10,20,293,9.984,27.5,16.7,0.0,21.4,61.9,2.3,250,9.1,35.5571,129.32249,34.69
1997,10,21,294,9.828,29.5,17.6,0.0,22.4,55.5,1.6,250,8.8,35.5571,129.32249,34.69
1997,10,22,295,8.74,24.5,12.8,0.2,18.5,78.6,1.2,110,7.2,35.5571,129.32249,34.69
1997,10,23,296,9.945,27.3,15.4,0.0,20.0,70.0,0.9,360,8.8,35.5571,129.32249,34.69
1997,10,24,297,7.111,24.9,12.9,0.0,17.6,49.8,1.8,20,4.8,35.5571,129.32249,34.69
1997,10,25,298,9.995,17.0,6.9,0.0,11.2,37.6,2.3,50,8.7,35.5571,129.32249,34.69
1997,10,26,299,10.351,16.6,7.1,0.0,11.6,43.5,3.2,20,9.1,35.5571,129.32249,34.69
1997,10,27,300,10.417,15.8,7.9,0.0,10.8,39.6,3.1,20,9.1,35.5571,129.32249,34.69
1997,10,28,301,7.896,17.8,5.8,0.0,10.9,55.8,1.3,20,5.6,35.5571,129.32249,34.69
1997,10,29,302,7.876,16.9,4.8,0.0,11.5,61.3,2.0,290,5.5,35.5571,129.32249,34.69
1997,10,30,303,8.305,12.8,5.3,0.0,8.8,48.3,2.1,20,6.0,35.5571,129.32249,34.69
1997,10,31,304,10.393,10.2,1.4,0.0,5.2,46.4,3.0,20,8.7,35.5571,129.32249,34.69
1997,11,1,305,9.148,15.4,4.0,0.0,8.4,50.4,1.6,20,9.0,35.5571,129.32249,34.69
1997,11,2,306,9.305,20.8,1.7,0.0,10.3,62.9,0.9,230,9.2,35.5571,129.32249,34.69
1997,11,3,307,8.467,19.2,3.9,0.0,10.8,64.3,1.0,180,7.9,35.5571,129.32249,34.69
1997,11,4,308,7.426,19.4,5.4,0.0,11.5,66.4,1.1,360,6.3,35.5571,129.32249,34.69
1997,11,5,309,7.117,19.2,7.3,0.0,12.1,74.6,0.9,160,5.8,35.5571,129.32249,34.69
1997,11,6,310,9.019,18.0,6.8,0.0,11.4,54.1,1.4,20,8.6,35.5571,129.32249,34.69
1997,11,7,311,6.631,18.3,5.4,0.0,11.9,77.1,1.4,20,5.0,35.5571,129.32249,34.69
1997,11,8,312,7.467,20.6,9.5,0.0,13.7,75.0,1.1,320,6.2,35.5571,129.32249,34.69
1997,11,9,313,7.836,20.3,7.4,0.0,13.2,76.6,1.1,320,6.7,35.5571,129.32249,34.69
1997,11,10,314,8.345,21.5,8.4,0.0,14.3,76.0,1.1,340,7.4,35.5571,129.32249,34.69
1997,11,11,315,8.449,21.6,8.6,0.0,14.5,77.5,1.0,230,7.5,35.5571,129.32249,34.69
1997,11,12,316,3.353,19.6,12.8,20.2,15.9,93.4,1.2,360,0.0,35.5571,129.32249,34.69
1997,11,13,317,3.785,14.5,9.8,0.3,12.0,71.3,1.9,20,0.6,35.5571,129.32249,34.69
1997,11,14,318,3.393,14.5,9.6,5.3,12.0,91.1,0.5,20,0.0,35.5571,129.32249,34.69
1997,11,15,319,5.147,16.8,10.0,0.0,12.5,76.9,0.7,50,2.5,35.5571,129.32249,34.69
1997,11,16,320,6.777,16.9,7.8,0.0,11.7,75.0,0.9,90,4.8,35.5571,129.32249,34.69
1997,11,17,321,8.563,12.0,3.6,0.0,8.3,52.9,2.6,340,7.3,35.5571,129.32249,34.69
1997,11,18,322,9.242,8.1,1.6,0.0,4.3,36.3,1.6,340,8.2,35.5571,129.32249,34.69
1997,11,19,323,8.729,14.1,-1.4,0.0,6.2,51.4,0.8,290,7.4,35.5571,129.32249,34.69
1997,11,20,324,8.921,16.5,6.6,0.0,10.2,59.8,1.4,360,7.6,35.5571,129.32249,34.69
1997,11,21,325,3.557,12.6,7.1,22.0,10.3,87.3,0.9,290,0.0,35.5571,129.32249,34.69
1997,11,22,326,5.23,14.5,7.8,1.0,11.4,75.5,3.7,340,2.3,35.5571,129.32249,34.69
1997,11,23,327,8.505,14.4,6.0,0.0,9.5,77.3,1.0,320,6.8,35.5571,129.32249,34.69
1997,11,24,328,9.499,17.3,3.0,0.0,9.8,73.3,0.9,180,8.1,35.5571,129.32249,34.69
1997,11,25,329,3.666,17.9,9.9,80.1,14.7,94.1,3.8,180,0.0,35.5571,129.32249,34.69
1997,11,26,330,6.694,20.4,12.8,0.1,17.0,65.1,3.3,320,4.1,35.5571,129.32249,34.69
1997,11,27,331,6.519,13.4,6.5,0.0,9.8,54.5,2.2,50,3.8,35.5571,129.32249,34.69
1997,11,28,332,3.755,15.5,8.5,1.3,12.5,78.8,2.7,50,0.0,35.5571,129.32249,34.69
1997,11,29,333,3.787,14.1,10.7,21.3,12.2,92.0,2.1,20,0.0,35.5571,129.32249,34.69
1997,11,30,334,8.903,14.2,7.0,0.0,10.0,73.3,1.7,360,6.8,35.5571,129.32249,34.69
1997,12,1,335,3.192,9.7,2.1,0.0,6.2,45.6,2.2,360,0.0,35.5571,129.32249,34.69
1997,12,2,336,7.58,2.1,-3.8,0.0,-1.1,33.5,4.9,320,6.6,35.5571,129.32249,34.69
1997,12,3,337,8.4,1.7,-6.8,0.0,-2.6,31.9,1.9,320,7.8,35.5571,129.32249,34.69
1997,12,4,338,8.293,9.3,-5.6,0.0,0.8,32.1,0.9,320,7.6,35.5571,129.32249,34.69
1997,12,5,339,8.253,12.8,-3.3,0.0,4.2,47.6,0.7,320,7.5,35.5571,129.32249,34.69
1997,12,6,340,3.253,10.6,3.5,44.4,7.1,89.1,0.5,290,0.0,35.5571,129.32249,34.69
1997,12,7,341,3.268,11.0,8.0,8.6,10.0,93.9,0.5,50,0.0,35.5571,129.32249,34.69
1997,12,8,342,3.283,10.5,2.2,0.9,6.5,68.5,1.5,320,0.0,35.5571,129.32249,34.69
1997,12,9,343,8.581,5.3,-1.6,0.0,1.7,43.3,2.5,340,7.8,35.5571,129.32249,34.69
1997,12,10,344,8.277,1.1,-4.6,0.0,-2.4,42.8,1.9,320,7.3,35.5571,129.32249,34.69
1997,12,11,345,5.04,5.0,-6.0,0.3,-1.6,55.4,2.2,360,2.5,35.5571,129.32249,34.69
1997,12,12,346,6.502,4.1,-4.4,0.0,0.3,48.0,2.3,340,4.6,35.5571,129.32249,34.69
1997,12,13,347,8.322,8.4,-2.1,0.0,2.7,60.6,1.3,320,7.2,35.5571,129.32249,34.69
1997,12,14,348,8.224,9.9,-0.9,0.0,3.8,59.6,1.2,290,7.0,35.5571,129.32249,34.69
1997,12,15,349,8.196,11.6,2.7,0.0,6.3,45.4,1.8,20,6.9,35.5571,129.32249,34.69
1997,12,16,350,4.759,9.6,1.0,0.0,5.3,42.1,1.1,70,1.9,35.5571,129.32249,34.69
1997,12,17,351,3.459,11.1,4.7,0.8,6.7,61.1,1.5,50,0.0,35.5571,129.32249,34.69
1997,12,18,352,8.961,14.2,4.6,0.0,8.5,58.9,2.6,50,7.8,35.5571,129.32249,34.69
1997,12,19,353,7.811,16.4,1.8,0.0,9.2,67.8,1.6,270,6.1,35.5571,129.32249,34.69
1997,12,20,354,7.928,15.9,5.6,0.0,9.6,76.0,1.4,50,6.2,35.5571,129.32249,34.69
1997,12,21,355,3.557,10.2,6.0,1.0,7.6,87.6,2.7,360,0.0,35.5571,129.32249,34.69
1997,12,22,356,3.726,8.9,5.5,1.8,6.8,78.3,1.6,360,0.2,35.5571,129.32249,34.69
1997,12,23,357,3.61,8.5,4.9,5.0,6.0,85.1,2.7,360,0.0,35.5571,129.32249,34.69
1997,12,24,358,6.822,10.0,4.0,0.0,6.3,67.8,3.7,360,4.4,35.5571,129.32249,34.69
1997,12,25,359,6.067,11.6,4.4,0.0,7.8,69.3,0.9,360,3.3,35.5571,129.32249,34.69
1997,12,26,360,8.376,14.4,2.9,0.0,7.6,77.9,0.7,140,6.4,35.5571,129.32249,34.69
1997,12,27,361,9.02,12.0,1.6,0.0,6.7,64.0,1.7,360,7.2,35.5571,129.32249,34.69
1997,12,28,362,9.005,10.9,2.5,0.0,5.7,40.5,2.1,360,7.1,35.5571,129.32249,34.69
1997,12,29,363,6.315,8.3,-1.4,0.0,4.0,38.5,0.8,50,3.4,35.5571,129.32249,34.69
1997,12,30,364,5.015,8.9,1.6,0.0,4.6,45.1,3.1,360,1.6,35.5571,129.32249,34.69
1997,12,31,365,9.19,10.3,-0.9,0.0,4.2,42.3,1.9,290,7.1,35.5571,129.32249,34.69
