,baseDate,baseTime,category,fcstDate,fcstTime,fcstValue,nx,ny
0,20250523,0800,TMP,20250523,0900,19,55,127
1,20250523,0800,UUU,20250523,0900,-2.4,55,127
2,20250523,0800,VVV,20250523,0900,0.5,55,127
3,20250523,0800,VEC,20250523,0900,101,55,127
4,20250523,0800,WSD,20250523,0900,2.5,55,127
5,20250523,0800,SKY,20250523,0900,4,55,127
6,20250523,0800,PTY,20250523,0900,0,55,127
7,20250523,0800,POP,20250523,0900,30,55,127
8,20250523,0800,WAV,20250523,0900,-999,55,127
9,20250523,0800,PCP,20250523,0900,강수없음,55,127
10,20250523,0800,REH,20250523,0900,50,55,127
11,20250523,0800,SNO,20250523,0900,적설없음,55,127
12,20250523,0800,TMP,20250523,1000,20,55,127
13,20250523,0800,UUU,20250523,1000,-1.5,55,127
14,20250523,0800,VVV,20250523,1000,1.4,55,127
15,20250523,0800,VEC,20250523,1000,131,55,127
16,20250523,0800,WSD,20250523,1000,2.1,55,127
17,20250523,0800,SKY,20250523,1000,4,55,127
18,20250523,0800,PTY,20250523,1000,0,55,127
19,20250523,0800,POP,20250523,1000,30,55,127
20,20250523,0800,WAV,20250523,1000,-999,55,127
21,20250523,0800,PCP,20250523,1000,강수없음,55,127
22,20250523,0800,REH,20250523,1000,50,55,127
23,20250523,0800,SNO,20250523,1000,적설없음,55,127
24,20250523,0800,TMP,20250523,1100,20,55,127
25,20250523,0800,UUU,20250523,1100,-0.8,55,127
26,20250523,0800,VVV,20250523,1100,1.5,55,127
27,20250523,0800,VEC,20250523,1100,149,55,127
28,20250523,0800,WSD,20250523,1100,1.7,55,127
29,20250523,0800,SKY,20250523,1100,4,55,127
30,20250523,0800,PTY,20250523,1100,0,55,127
31,20250523,0800,POP,20250523,1100,30,55,127
32,20250523,0800,WAV,20250523,1100,-999,55,127
33,20250523,0800,PCP,20250523,1100,강수없음,55,127
34,20250523,0800,REH,20250523,1100,50,55,127
35,20250523,0800,SNO,20250523,1100,적설없음,55,127
36,20250523,0800,TMP,20250523,1200,20,55,127
37,20250523,0800,UUU,20250523,1200,-0.3,55,127
38,20250523,0800,VVV,20250523,1200,1.4,55,127
39,20250523,0800,VEC,20250523,1200,164,55,127
40,20250523,0800,WSD,20250523,1200,1.5,55,127
41,20250523,0800,SKY,20250523,1200,4,55,127
42,20250523,0800,PTY,20250523,1200,0,55,127
43,20250523,0800,POP,20250523,1200,30,55,127
44,20250523,0800,WAV,20250523,1200,-999,55,127
45,20250523,0800,PCP,20250523,1200,강수없음,55,127
46,20250523,0800,REH,20250523,1200,50,55,127
47,20250523,0800,SNO,20250523,1200,적설없음,55,127
48,20250523,0800,TMP,20250523,1300,21,55,127
49,20250523,0800,UUU,20250523,1300,1,55,127
50,20250523,0800,VVV,20250523,1300,1.1,55,127
51,20250523,0800,VEC,20250523,1300,222,55,127
52,20250523,0800,WSD,20250523,1300,1.5,55,127
53,20250523,0800,SKY,20250523,1300,4,55,127
54,20250523,0800,PTY,20250523,1300,0,55,127
55,20250523,0800,POP,20250523,1300,30,55,127
56,20250523,0800,WAV,20250523,1300,-999,55,127
57,20250523,0800,PCP,20250523,1300,강수없음,55,127
58,20250523,0800,REH,20250523,1300,45,55,127
59,20250523,0800,SNO,20250523,1300,적설없음,55,127
60,20250523,0800,TMP,20250523,1400,20,55,127
61,20250523,0800,UUU,20250523,1400,2,55,127
62,20250523,0800,VVV,20250523,1400,0.5,55,127
63,20250523,0800,VEC,20250523,1400,256,55,127
64,20250523,0800,WSD,20250523,1400,2.1,55,127
65,20250523,0800,SKY,20250523,1400,4,55,127
66,20250523,0800,PTY,20250523,1400,0,55,127
67,20250523,0800,POP,20250523,1400,30,55,127
68,20250523,0800,WAV,20250523,1400,-999,55,127
69,20250523,0800,PCP,20250523,1400,강수없음,55,127
70,20250523,0800,REH,20250523,1400,50,55,127
71,20250523,0800,SNO,20250523,1400,적설없음,55,127
72,20250523,0800,TMP,20250523,1500,21,55,127
73,20250523,0800,UUU,20250523,1500,3.1,55,127
74,20250523,0800,VVV,20250523,1500,0.3,55,127
75,20250523,0800,VEC,20250523,1500,264,55,127
76,20250523,0800,WSD,20250523,1500,3.1,55,127
77,20250523,0800,SKY,20250523,1500,4,55,127
78,20250523,0800,PTY,20250523,1500,0,55,127
79,20250523,0800,POP,20250523,1500,30,55,127
80,20250523,0800,WAV,20250523,1500,-999,55,127
81,20250523,0800,PCP,20250523,1500,강수없음,55,127
82,20250523,0800,REH,20250523,1500,50,55,127
83,20250523,0800,SNO,20250523,1500,적설없음,55,127
84,20250523,0800,TMX,20250523,1500,22.0,55,127
85,20250523,0800,TMP,20250523,1600,21,55,127
86,20250523,0800,UUU,20250523,1600,3,55,127
87,20250523,0800,VVV,20250523,1600,-0.3,55,127
88,20250523,0800,VEC,20250523,1600,276,55,127
89,20250523,0800,WSD,20250523,1600,3,55,127
90,20250523,0800,SKY,20250523,1600,4,55,127
91,20250523,0800,PTY,20250523,1600,0,55,127
92,20250523,0800,POP,20250523,1600,30,55,127
93,20250523,0800,WAV,20250523,1600,-999,55,127
94,20250523,0800,PCP,20250523,1600,강수없음,55,127
95,20250523,0800,REH,20250523,1600,50,55,127
96,20250523,0800,SNO,20250523,1600,적설없음,55,127
97,20250523,0800,TMP,20250523,1700,21,55,127
98,20250523,0800,UUU,20250523,1700,2.2,55,127
99,20250523,0800,VVV,20250523,1700,-0.9,55,127
100,20250523,0800,VEC,20250523,1700,292,55,127
101,20250523,0800,WSD,20250523,1700,2.4,55,127
102,20250523,0800,SKY,20250523,1700,4,55,127
103,20250523,0800,PTY,20250523,1700,0,55,127
104,20250523,0800,POP,20250523,1700,30,55,127
105,20250523,0800,WAV,20250523,1700,-999,55,127
106,20250523,0800,PCP,20250523,1700,강수없음,55,127
107,20250523,0800,REH,20250523,1700,50,55,127
108,20250523,0800,SNO,20250523,1700,적설없음,55,127
109,20250523,0800,TMP,20250523,1800,20,55,127
110,20250523,0800,UUU,20250523,1800,1.3,55,127
111,20250523,0800,VVV,20250523,1800,-1.3,55,127
112,20250523,0800,VEC,20250523,1800,315,55,127
113,20250523,0800,WSD,20250523,1800,1.8,55,127
114,20250523,0800,SKY,20250523,1800,4,55,127
115,20250523,0800,PTY,20250523,1800,0,55,127
116,20250523,0800,POP,20250523,1800,30,55,127
117,20250523,0800,WAV,20250523,1800,-999,55,127
118,20250523,0800,PCP,20250523,1800,강수없음,55,127
119,20250523,0800,REH,20250523,1800,55,55,127
120,20250523,0800,SNO,20250523,1800,적설없음,55,127
121,20250523,0800,TMP,20250523,1900,19,55,127
122,20250523,0800,UUU,20250523,1900,0.6,55,127
123,20250523,0800,VVV,20250523,1900,-1.1,55,127
124,20250523,0800,VEC,20250523,1900,331,55,127
125,20250523,0800,WSD,20250523,1900,1.3,55,127
126,20250523,0800,SKY,20250523,1900,4,55,127
127,20250523,0800,PTY,20250523,1900,0,55,127
128,20250523,0800,POP,20250523,1900,30,55,127
129,20250523,0800,WAV,20250523,1900,-999,55,127
130,20250523,0800,PCP,20250523,1900,강수없음,55,127
131,20250523,0800,REH,20250523,1900,65,55,127
132,20250523,0800,SNO,20250523,1900,적설없음,55,127
133,20250523,0800,TMP,20250523,2000,18,55,127
134,20250523,0800,UUU,20250523,2000,0.2,55,127
135,20250523,0800,VVV,20250523,2000,-0.8,55,127
136,20250523,0800,VEC,20250523,2000,346,55,127
137,20250523,0800,WSD,20250523,2000,0.8,55,127
138,20250523,0800,SKY,20250523,2000,4,55,127
139,20250523,0800,PTY,20250523,2000,0,55,127
140,20250523,0800,POP,20250523,2000,30,55,127
141,20250523,0800,WAV,20250523,2000,-999,55,127
142,20250523,0800,PCP,20250523,2000,강수없음,55,127
143,20250523,0800,REH,20250523,2000,75,55,127
144,20250523,0800,SNO,20250523,2000,적설없음,55,127
145,20250523,0800,TMP,20250523,2100,17,55,127
146,20250523,0800,UUU,20250523,2100,0.1,55,127
147,20250523,0800,VVV,20250523,2100,-1,55,127
148,20250523,0800,VEC,20250523,2100,354,55,127
149,20250523,0800,WSD,20250523,2100,1,55,127
150,20250523,0800,SKY,20250523,2100,4,55,127
151,20250523,0800,PTY,20250523,2100,0,55,127
152,20250523,0800,POP,20250523,2100,30,55,127
153,20250523,0800,WAV,20250523,2100,-999,55,127
154,20250523,0800,PCP,20250523,2100,강수없음,55,127
155,20250523,0800,REH,20250523,2100,75,55,127
156,20250523,0800,SNO,20250523,2100,적설없음,55,127
157,20250523,0800,TMP,20250523,2200,16,55,127
158,20250523,0800,UUU,20250523,2200,0,55,127
159,20250523,0800,VVV,20250523,2200,-0.8,55,127
160,20250523,0800,VEC,20250523,2200,360,55,127
161,20250523,0800,WSD,20250523,2200,0.8,55,127
162,20250523,0800,SKY,20250523,2200,4,55,127
163,20250523,0800,PTY,20250523,2200,1,55,127
164,20250523,0800,POP,20250523,2200,60,55,127
165,20250523,0800,WAV,20250523,2200,-999,55,127
166,20250523,0800,PCP,20250523,2200,1.0mm,55,127
167,20250523,0800,REH,20250523,2200,80,55,127
168,20250523,0800,SNO,20250523,2200,적설없음,55,127
169,20250523,0800,TMP,20250523,2300,15,55,127
170,20250523,0800,UUU,20250523,2300,0.4,55,127
171,20250523,0800,VVV,20250523,2300,-0.7,55,127
172,20250523,0800,VEC,20250523,2300,330,55,127
173,20250523,0800,WSD,20250523,2300,0.8,55,127
174,20250523,0800,SKY,20250523,2300,4,55,127
175,20250523,0800,PTY,20250523,2300,1,55,127
176,20250523,0800,POP,20250523,2300,60,55,127
177,20250523,0800,WAV,20250523,2300,-999,55,127
178,20250523,0800,PCP,20250523,2300,1.0mm,55,127
179,20250523,0800,REH,20250523,2300,85,55,127
180,20250523,0800,SNO,20250523,2300,적설없음,55,127
181,20250523,0800,TMP,20250524,0000,15,55,127
182,20250523,0800,UUU,20250524,0000,0.1,55,127
183,20250523,0800,VVV,20250524,0000,-0.4,55,127
184,20250523,0800,VEC,20250524,0000,346,55,127
185,20250523,0800,WSD,20250524,0000,0.4,55,127
186,20250523,0800,SKY,20250524,0000,4,55,127
187,20250523,0800,PTY,20250524,0000,1,55,127
188,20250523,0800,POP,20250524,0000,60,55,127
189,20250523,0800,WAV,20250524,0000,-999,55,127
190,20250523,0800,PCP,20250524,0000,1.0mm,55,127
191,20250523,0800,REH,20250524,0000,85,55,127
192,20250523,0800,SNO,20250524,0000,적설없음,55,127
193,20250523,0800,TMP,20250524,0100,15,55,127
194,20250523,0800,UUU,20250524,0100,-0.7,55,127
195,20250523,0800,VVV,20250524,0100,0.1,55,127
196,20250523,0800,VEC,20250524,0100,97,55,127
197,20250523,0800,WSD,20250524,0100,0.8,55,127
198,20250523,0800,SKY,20250524,0100,4,55,127
199,20250523,0800,PTY,20250524,0100,0,55,127
200,20250523,0800,POP,20250524,0100,30,55,127
201,20250523,0800,WAV,20250524,0100,-999,55,127
202,20250523,0800,PCP,20250524,0100,강수없음,55,127
203,20250523,0800,REH,20250524,0100,85,55,127
204,20250523,0800,SNO,20250524,0100,적설없음,55,127
205,20250523,0800,TMP,20250524,0200,14,55,127
206,20250523,0800,UUU,20250524,0200,-0.9,55,127
207,20250523,0800,VVV,20250524,0200,-0.2,55,127
208,20250523,0800,VEC,20250524,0200,79,55,127
209,20250523,0800,WSD,20250524,0200,1,55,127
210,20250523,0800,SKY,20250524,0200,4,55,127
211,20250523,0800,PTY,20250524,0200,0,55,127
212,20250523,0800,POP,20250524,0200,30,55,127
213,20250523,0800,WAV,20250524,0200,-999,55,127
214,20250523,0800,PCP,20250524,0200,강수없음,55,127
215,20250523,0800,REH,20250524,0200,80,55,127
216,20250523,0800,SNO,20250524,0200,적설없음,55,127
217,20250523,0800,TMP,20250524,0300,14,55,127
218,20250523,0800,UUU,20250524,0300,-0.9,55,127
219,20250523,0800,VVV,20250524,0300,-0.5,55,127
220,20250523,0800,VEC,20250524,0300,63,55,127
221,20250523,0800,WSD,20250524,0300,1.1,55,127
222,20250523,0800,SKY,20250524,0300,4,55,127
223,20250523,0800,PTY,20250524,0300,0,55,127
224,20250523,0800,POP,20250524,0300,30,55,127
225,20250523,0800,WAV,20250524,0300,-999,55,127
226,20250523,0800,PCP,20250524,0300,강수없음,55,127
227,20250523,0800,REH,20250524,0300,85,55,127
228,20250523,0800,SNO,20250524,0300,적설없음,55,127
229,20250523,0800,TMP,20250524,0400,14,55,127
230,20250523,0800,UUU,20250524,0400,-1.2,55,127
231,20250523,0800,VVV,20250524,0400,-0.4,55,127
232,20250523,0800,VEC,20250524,0400,73,55,127
233,20250523,0800,WSD,20250524,0400,1.4,55,127
234,20250523,0800,SKY,20250524,0400,4,55,127
235,20250523,0800,PTY,20250524,0400,0,55,127
236,20250523,0800,POP,20250524,0400,30,55,127
237,20250523,0800,WAV,20250524,0400,-999,55,127
238,20250523,0800,PCP,20250524,0400,강수없음,55,127
239,20250523,0800,REH,20250524,0400,85,55,127
240,20250523,0800,SNO,20250524,0400,적설없음,55,127
241,20250523,0800,TMP,20250524,0500,14,55,127
242,20250523,0800,UUU,20250524,0500,-0.9,55,127
243,20250523,0800,VVV,20250524,0500,-0.2,55,127
244,20250523,0800,VEC,20250524,0500,79,55,127
245,20250523,0800,WSD,20250524,0500,1,55,127
246,20250523,0800,SKY,20250524,0500,4,55,127
247,20250523,0800,PTY,20250524,0500,0,55,127
248,20250523,0800,POP,20250524,0500,30,55,127
249,20250523,0800,WAV,20250524,0500,-999,55,127
250,20250523,0800,PCP,20250524,0500,강수없음,55,127
251,20250523,0800,REH,20250524,0500,80,55,127
252,20250523,0800,SNO,20250524,0500,적설없음,55,127
253,20250523,0800,TMP,20250524,0600,14,55,127
254,20250523,0800,UUU,20250524,0600,-0.9,55,127
255,20250523,0800,VVV,20250524,0600,-0.2,55,127
256,20250523,0800,VEC,20250524,0600,79,55,127
257,20250523,0800,WSD,20250524,0600,1,55,127
258,20250523,0800,SKY,20250524,0600,4,55,127
259,20250523,0800,PTY,20250524,0600,0,55,127
260,20250523,0800,POP,20250524,0600,30,55,127
261,20250523,0800,WAV,20250524,0600,-999,55,127
262,20250523,0800,PCP,20250524,0600,강수없음,55,127
263,20250523,0800,REH,20250524,0600,80,55,127
264,20250523,0800,SNO,20250524,0600,적설없음,55,127
265,20250523,0800,TMN,20250524,0600,13.0,55,127
266,20250523,0800,TMP,20250524,0700,14,55,127
267,20250523,0800,UUU,20250524,0700,-1.1,55,127
268,20250523,0800,VVV,20250524,0700,-0.4,55,127
269,20250523,0800,VEC,20250524,0700,72,55,127
270,20250523,0800,WSD,20250524,0700,1.3,55,127
271,20250523,0800,SKY,20250524,0700,4,55,127
272,20250523,0800,PTY,20250524,0700,0,55,127
273,20250523,0800,POP,20250524,0700,30,55,127
274,20250523,0800,WAV,20250524,0700,-999,55,127
275,20250523,0800,PCP,20250524,0700,강수없음,55,127
276,20250523,0800,REH,20250524,0700,75,55,127
277,20250523,0800,SNO,20250524,0700,적설없음,55,127
278,20250523,0800,TMP,20250524,0800,15,55,127
279,20250523,0800,UUU,20250524,0800,-1.5,55,127
280,20250523,0800,VVV,20250524,0800,-0.8,55,127
281,20250523,0800,VEC,20250524,0800,63,55,127
282,20250523,0800,WSD,20250524,0800,1.8,55,127
283,20250523,0800,SKY,20250524,0800,4,55,127
284,20250523,0800,PTY,20250524,0800,0,55,127
285,20250523,0800,POP,20250524,0800,30,55,127
286,20250523,0800,WAV,20250524,0800,-999,55,127
287,20250523,0800,PCP,20250524,0800,강수없음,55,127
288,20250523,0800,REH,20250524,0800,75,55,127
289,20250523,0800,SNO,20250524,0800,적설없음,55,127
290,20250523,0800,TMP,20250524,0900,16,55,127
291,20250523,0800,UUU,20250524,0900,-1.4,55,127
292,20250523,0800,VVV,20250524,0900,-1.2,55,127
293,20250523,0800,VEC,20250524,0900,51,55,127
294,20250523,0800,WSD,20250524,0900,1.9,55,127
295,20250523,0800,SKY,20250524,0900,4,55,127
296,20250523,0800,PTY,20250524,0900,0,55,127
297,20250523,0800,POP,20250524,0900,30,55,127
298,20250523,0800,WAV,20250524,0900,-999,55,127
299,20250523,0800,PCP,20250524,0900,강수없음,55,127
300,20250523,0800,REH,20250524,0900,70,55,127
301,20250523,0800,SNO,20250524,0900,적설없음,55,127
302,20250523,0800,TMP,20250524,1000,16,55,127
303,20250523,0800,UUU,20250524,1000,-1,55,127
304,20250523,0800,VVV,20250524,1000,-1.9,55,127
305,20250523,0800,VEC,20250524,1000,30,55,127
306,20250523,0800,WSD,20250524,1000,2.2,55,127
307,20250523,0800,SKY,20250524,1000,4,55,127
308,20250523,0800,PTY,20250524,1000,0,55,127
309,20250523,0800,POP,20250524,1000,30,55,127
310,20250523,0800,WAV,20250524,1000,-999,55,127
311,20250523,0800,PCP,20250524,1000,강수없음,55,127
312,20250523,0800,REH,20250524,1000,70,55,127
313,20250523,0800,SNO,20250524,1000,적설없음,55,127
314,20250523,0800,TMP,20250524,1100,18,55,127
315,20250523,0800,UUU,20250524,1100,-0.8,55,127
316,20250523,0800,VVV,20250524,1100,-2.7,55,127
317,20250523,0800,VEC,20250524,1100,18,55,127
318,20250523,0800,WSD,20250524,1100,2.8,55,127
319,20250523,0800,SKY,20250524,1100,4,55,127
320,20250523,0800,PTY,20250524,1100,0,55,127
321,20250523,0800,POP,20250524,1100,30,55,127
322,20250523,0800,WAV,20250524,1100,-999,55,127
323,20250523,0800,PCP,20250524,1100,강수없음,55,127
324,20250523,0800,REH,20250524,1100,65,55,127
325,20250523,0800,SNO,20250524,1100,적설없음,55,127
326,20250523,0800,TMP,20250524,1200,19,55,127
327,20250523,0800,UUU,20250524,1200,-1,55,127
328,20250523,0800,VVV,20250524,1200,-2.8,55,127
329,20250523,0800,VEC,20250524,1200,21,55,127
330,20250523,0800,WSD,20250524,1200,3,55,127
331,20250523,0800,SKY,20250524,1200,4,55,127
332,20250523,0800,PTY,20250524,1200,0,55,127
333,20250523,0800,POP,20250524,1200,30,55,127
334,20250523,0800,WAV,20250524,1200,-999,55,127
335,20250523,0800,PCP,20250524,1200,강수없음,55,127
336,20250523,0800,REH,20250524,1200,60,55,127
337,20250523,0800,SNO,20250524,1200,적설없음,55,127
338,20250523,0800,TMP,20250524,1300,20,55,127
339,20250523,0800,UUU,20250524,1300,-1.1,55,127
340,20250523,0800,VVV,20250524,1300,-2.7,55,127
341,20250523,0800,VEC,20250524,1300,24,55,127
342,20250523,0800,WSD,20250524,1300,3,55,127
343,20250523,0800,SKY,20250524,1300,4,55,127
344,20250523,0800,PTY,20250524,1300,0,55,127
345,20250523,0800,POP,20250524,1300,30,55,127
346,20250523,0800,WAV,20250524,1300,-999,55,127
347,20250523,0800,PCP,20250524,1300,강수없음,55,127
348,20250523,0800,REH,20250524,1300,55,55,127
349,20250523,0800,SNO,20250524,1300,적설없음,55,127
350,20250523,0800,TMP,20250524,1400,20,55,127
351,20250523,0800,UUU,20250524,1400,-1,55,127
352,20250523,0800,VVV,20250524,1400,-2.7,55,127
353,20250523,0800,VEC,20250524,1400,22,55,127
354,20250523,0800,WSD,20250524,1400,2.9,55,127
355,20250523,0800,SKY,20250524,1400,4,55,127
356,20250523,0800,PTY,20250524,1400,0,55,127
357,20250523,0800,POP,20250524,1400,30,55,127
358,20250523,0800,WAV,20250524,1400,-999,55,127
359,20250523,0800,PCP,20250524,1400,강수없음,55,127
360,20250523,0800,REH,20250524,1400,60,55,127
361,20250523,0800,SNO,20250524,1400,적설없음,55,127
362,20250523,0800,TMP,20250524,1500,20,55,127
363,20250523,0800,UUU,20250524,1500,-0.9,55,127
364,20250523,0800,VVV,20250524,1500,-2.9,55,127
365,20250523,0800,VEC,20250524,1500,19,55,127
366,20250523,0800,WSD,20250524,1500,3.1,55,127
367,20250523,0800,SKY,20250524,1500,4,55,127
368,20250523,0800,PTY,20250524,1500,0,55,127
369,20250523,0800,POP,20250524,1500,30,55,127
370,20250523,0800,WAV,20250524,1500,-999,55,127
371,20250523,0800,PCP,20250524,1500,강수없음,55,127
372,20250523,0800,REH,20250524,1500,60,55,127
373,20250523,0800,SNO,20250524,1500,적설없음,55,127
374,20250523,0800,TMX,20250524,1500,21.0,55,127
375,20250523,0800,TMP,20250524,1600,21,55,127
376,20250523,0800,UUU,20250524,1600,-1.1,55,127
377,20250523,0800,VVV,20250524,1600,-3,55,127
378,20250523,0800,VEC,20250524,1600,22,55,127
379,20250523,0800,WSD,20250524,1600,3.2,55,127
380,20250523,0800,SKY,20250524,1600,4,55,127
381,20250523,0800,PTY,20250524,1600,0,55,127
382,20250523,0800,POP,20250524,1600,30,55,127
383,20250523,0800,WAV,20250524,1600,-999,55,127
384,20250523,0800,PCP,20250524,1600,강수없음,55,127
385,20250523,0800,REH,20250524,1600,60,55,127
386,20250523,0800,SNO,20250524,1600,적설없음,55,127
387,20250523,0800,TMP,20250524,1700,20,55,127
388,20250523,0800,UUU,20250524,1700,-0.9,55,127
389,20250523,0800,VVV,20250524,1700,-2.8,55,127
390,20250523,0800,VEC,20250524,1700,20,55,127
391,20250523,0800,WSD,20250524,1700,3,55,127
392,20250523,0800,SKY,20250524,1700,4,55,127
393,20250523,0800,PTY,20250524,1700,0,55,127
394,20250523,0800,POP,20250524,1700,30,55,127
395,20250523,0800,WAV,20250524,1700,-999,55,127
396,20250523,0800,PCP,20250524,1700,강수없음,55,127
397,20250523,0800,REH,20250524,1700,55,55,127
398,20250523,0800,SNO,20250524,1700,적설없음,55,127
399,20250523,0800,TMP,20250524,1800,20,55,127
400,20250523,0800,UUU,20250524,1800,-0.5,55,127
401,20250523,0800,VVV,20250524,1800,-2.2,55,127
402,20250523,0800,VEC,20250524,1800,15,55,127
403,20250523,0800,WSD,20250524,1800,2.3,55,127
404,20250523,0800,SKY,20250524,1800,4,55,127
405,20250523,0800,PTY,20250524,1800,0,55,127
406,20250523,0800,POP,20250524,1800,30,55,127
407,20250523,0800,WAV,20250524,1800,-999,55,127
408,20250523,0800,PCP,20250524,1800,강수없음,55,127
409,20250523,0800,REH,20250524,1800,60,55,127
410,20250523,0800,SNO,20250524,1800,적설없음,55,127
411,20250523,0800,TMP,20250524,1900,19,55,127
412,20250523,0800,UUU,20250524,1900,-0.3,55,127
413,20250523,0800,VVV,20250524,1900,-1.6,55,127
414,20250523,0800,VEC,20250524,1900,14,55,127
415,20250523,0800,WSD,20250524,1900,1.6,55,127
416,20250523,0800,SKY,20250524,1900,4,55,127
417,20250523,0800,PTY,20250524,1900,0,55,127
418,20250523,0800,POP,20250524,1900,30,55,127
419,20250523,0800,WAV,20250524,1900,-999,55,127
420,20250523,0800,PCP,20250524,1900,강수없음,55,127
421,20250523,0800,REH,20250524,1900,65,55,127
422,20250523,0800,SNO,20250524,1900,적설없음,55,127
423,20250523,0800,TMP,20250524,2000,17,55,127
424,20250523,0800,UUU,20250524,2000,-0.9,55,127
425,20250523,0800,VVV,20250524,2000,-0.9,55,127
426,20250523,0800,VEC,20250524,2000,48,55,127
427,20250523,0800,WSD,20250524,2000,1.3,55,127
428,20250523,0800,SKY,20250524,2000,4,55,127
429,20250523,0800,PTY,20250524,2000,0,55,127
430,20250523,0800,POP,20250524,2000,30,55,127
431,20250523,0800,WAV,20250524,2000,-999,55,127
432,20250523,0800,PCP,20250524,2000,강수없음,55,127
433,20250523,0800,REH,20250524,2000,70,55,127
434,20250523,0800,SNO,20250524,2000,적설없음,55,127
435,20250523,0800,TMP,20250524,2100,16,55,127
436,20250523,0800,UUU,20250524,2100,-2.2,55,127
437,20250523,0800,VVV,20250524,2100,-0.5,55,127
438,20250523,0800,VEC,20250524,2100,78,55,127
439,20250523,0800,WSD,20250524,2100,2.4,55,127
440,20250523,0800,SKY,20250524,2100,4,55,127
441,20250523,0800,PTY,20250524,2100,0,55,127
442,20250523,0800,POP,20250524,2100,30,55,127
443,20250523,0800,WAV,20250524,2100,-999,55,127
444,20250523,0800,PCP,20250524,2100,강수없음,55,127
445,20250523,0800,REH,20250524,2100,75,55,127
446,20250523,0800,SNO,20250524,2100,적설없음,55,127
447,20250523,0800,TMP,20250524,2200,15,55,127
448,20250523,0800,UUU,20250524,2200,-1.9,55,127
449,20250523,0800,VVV,20250524,2200,-0.3,55,127
450,20250523,0800,VEC,20250524,2200,81,55,127
451,20250523,0800,WSD,20250524,2200,2,55,127
452,20250523,0800,SKY,20250524,2200,4,55,127
453,20250523,0800,PTY,20250524,2200,0,55,127
454,20250523,0800,POP,20250524,2200,30,55,127
455,20250523,0800,WAV,20250524,2200,-999,55,127
456,20250523,0800,PCP,20250524,2200,강수없음,55,127
457,20250523,0800,REH,20250524,2200,75,55,127
458,20250523,0800,SNO,20250524,2200,적설없음,55,127
459,20250523,0800,TMP,20250524,2300,14,55,127
460,20250523,0800,UUU,20250524,2300,-1.6,55,127
461,20250523,0800,VVV,20250524,2300,-0.5,55,127
462,20250523,0800,VEC,20250524,2300,74,55,127
463,20250523,0800,WSD,20250524,2300,1.8,55,127
464,20250523,0800,SKY,20250524,2300,1,55,127
465,20250523,0800,PTY,20250524,2300,0,55,127
466,20250523,0800,POP,20250524,2300,0,55,127
467,20250523,0800,WAV,20250524,2300,-999,55,127
468,20250523,0800,PCP,20250524,2300,강수없음,55,127
469,20250523,0800,REH,20250524,2300,80,55,127
470,20250523,0800,SNO,20250524,2300,적설없음,55,127
471,20250523,0800,TMP,20250525,0000,13,55,127
472,20250523,0800,UUU,20250525,0000,-1.3,55,127
473,20250523,0800,VVV,20250525,0000,-0.5,55,127
474,20250523,0800,VEC,20250525,0000,70,55,127
475,20250523,0800,WSD,20250525,0000,1.5,55,127
476,20250523,0800,SKY,20250525,0000,1,55,127
477,20250523,0800,PTY,20250525,0000,0,55,127
478,20250523,0800,POP,20250525,0000,0,55,127
479,20250523,0800,WAV,20250525,0000,-999,55,127
480,20250523,0800,PCP,20250525,0000,강수없음,55,127
481,20250523,0800,REH,20250525,0000,80,55,127
482,20250523,0800,SNO,20250525,0000,적설없음,55,127
483,20250523,0800,TMP,20250525,0100,13,55,127
484,20250523,0800,UUU,20250525,0100,-0.8,55,127
485,20250523,0800,VVV,20250525,0100,0.3,55,127
486,20250523,0800,VEC,20250525,0100,108,55,127
487,20250523,0800,WSD,20250525,0100,0.9,55,127
488,20250523,0800,SKY,20250525,0100,1,55,127
489,20250523,0800,PTY,20250525,0100,0,55,127
490,20250523,0800,POP,20250525,0100,0,55,127
491,20250523,0800,WAV,20250525,0100,-999,55,127
492,20250523,0800,PCP,20250525,0100,강수없음,55,127
493,20250523,0800,REH,20250525,0100,85,55,127
494,20250523,0800,SNO,20250525,0100,적설없음,55,127
495,20250523,0800,TMP,20250525,0200,12,55,127
496,20250523,0800,UUU,20250525,0200,-0.7,55,127
497,20250523,0800,VVV,20250525,0200,0.6,55,127
498,20250523,0800,VEC,20250525,0200,127,55,127
499,20250523,0800,WSD,20250525,0200,1,55,127
500,20250523,0800,SKY,20250525,0200,1,55,127
501,20250523,0800,PTY,20250525,0200,0,55,127
502,20250523,0800,POP,20250525,0200,0,55,127
503,20250523,0800,WAV,20250525,0200,-999,55,127
504,20250523,0800,PCP,20250525,0200,강수없음,55,127
505,20250523,0800,REH,20250525,0200,90,55,127
506,20250523,0800,SNO,20250525,0200,적설없음,55,127
507,20250523,0800,TMP,20250525,0300,12,55,127
508,20250523,0800,UUU,20250525,0300,-0.2,55,127
509,20250523,0800,VVV,20250525,0300,0.6,55,127
510,20250523,0800,VEC,20250525,0300,153,55,127
511,20250523,0800,WSD,20250525,0300,0.7,55,127
512,20250523,0800,SKY,20250525,0300,1,55,127
513,20250523,0800,PTY,20250525,0300,0,55,127
514,20250523,0800,POP,20250525,0300,0,55,127
515,20250523,0800,WAV,20250525,0300,-999,55,127
516,20250523,0800,PCP,20250525,0300,강수없음,55,127
517,20250523,0800,REH,20250525,0300,90,55,127
518,20250523,0800,SNO,20250525,0300,적설없음,55,127
519,20250523,0800,TMP,20250525,0400,11,55,127
520,20250523,0800,UUU,20250525,0400,0,55,127
521,20250523,0800,VVV,20250525,0400,0.4,55,127
522,20250523,0800,VEC,20250525,0400,166,55,127
523,20250523,0800,WSD,20250525,0400,0.4,55,127
524,20250523,0800,SKY,20250525,0400,1,55,127
525,20250523,0800,PTY,20250525,0400,0,55,127
526,20250523,0800,POP,20250525,0400,0,55,127
527,20250523,0800,WAV,20250525,0400,-999,55,127
528,20250523,0800,PCP,20250525,0400,강수없음,55,127
529,20250523,0800,REH,20250525,0400,90,55,127
530,20250523,0800,SNO,20250525,0400,적설없음,55,127
531,20250523,0800,TMP,20250525,0500,11,55,127
532,20250523,0800,UUU,20250525,0500,-0.1,55,127
533,20250523,0800,VVV,20250525,0500,0.3,55,127
534,20250523,0800,VEC,20250525,0500,146,55,127
535,20250523,0800,WSD,20250525,0500,0.4,55,127
536,20250523,0800,SKY,20250525,0500,1,55,127
537,20250523,0800,PTY,20250525,0500,0,55,127
538,20250523,0800,POP,20250525,0500,0,55,127
539,20250523,0800,WAV,20250525,0500,-999,55,127
540,20250523,0800,PCP,20250525,0500,강수없음,55,127
541,20250523,0800,REH,20250525,0500,95,55,127
542,20250523,0800,SNO,20250525,0500,적설없음,55,127
543,20250523,0800,TMP,20250525,0600,11,55,127
544,20250523,0800,UUU,20250525,0600,-0.3,55,127
545,20250523,0800,VVV,20250525,0600,0.2,55,127
546,20250523,0800,VEC,20250525,0600,117,55,127
547,20250523,0800,WSD,20250525,0600,0.4,55,127
548,20250523,0800,SKY,20250525,0600,1,55,127
549,20250523,0800,PTY,20250525,0600,0,55,127
550,20250523,0800,POP,20250525,0600,0,55,127
551,20250523,0800,WAV,20250525,0600,-999,55,127
552,20250523,0800,PCP,20250525,0600,강수없음,55,127
553,20250523,0800,REH,20250525,0600,95,55,127
554,20250523,0800,SNO,20250525,0600,적설없음,55,127
555,20250523,0800,TMN,20250525,0600,10.0,55,127
556,20250523,0800,TMP,20250525,0700,13,55,127
557,20250523,0800,UUU,20250525,0700,-0.4,55,127
558,20250523,0800,VVV,20250525,0700,0.3,55,127
559,20250523,0800,VEC,20250525,0700,121,55,127
560,20250523,0800,WSD,20250525,0700,0.6,55,127
561,20250523,0800,SKY,20250525,0700,1,55,127
562,20250523,0800,PTY,20250525,0700,0,55,127
563,20250523,0800,POP,20250525,0700,0,55,127
564,20250523,0800,WAV,20250525,0700,-999,55,127
565,20250523,0800,PCP,20250525,0700,강수없음,55,127
566,20250523,0800,REH,20250525,0700,85,55,127
567,20250523,0800,SNO,20250525,0700,적설없음,55,127
568,20250523,0800,TMP,20250525,0800,15,55,127
569,20250523,0800,UUU,20250525,0800,-0.4,55,127
570,20250523,0800,VVV,20250525,0800,0.3,55,127
571,20250523,0800,VEC,20250525,0800,121,55,127
572,20250523,0800,WSD,20250525,0800,0.6,55,127
573,20250523,0800,SKY,20250525,0800,1,55,127
574,20250523,0800,PTY,20250525,0800,0,55,127
575,20250523,0800,POP,20250525,0800,0,55,127
576,20250523,0800,WAV,20250525,0800,-999,55,127
577,20250523,0800,PCP,20250525,0800,강수없음,55,127
578,20250523,0800,REH,20250525,0800,75,55,127
579,20250523,0800,SNO,20250525,0800,적설없음,55,127
580,20250523,0800,TMP,20250525,0900,17,55,127
581,20250523,0800,UUU,20250525,0900,-0.2,55,127
582,20250523,0800,VVV,20250525,0900,0.6,55,127
583,20250523,0800,VEC,20250525,0900,153,55,127
584,20250523,0800,WSD,20250525,0900,0.7,55,127
585,20250523,0800,SKY,20250525,0900,1,55,127
586,20250523,0800,PTY,20250525,0900,0,55,127
587,20250523,0800,POP,20250525,0900,0,55,127
588,20250523,0800,WAV,20250525,0900,-999,55,127
589,20250523,0800,PCP,20250525,0900,강수없음,55,127
590,20250523,0800,REH,20250525,0900,65,55,127
591,20250523,0800,SNO,20250525,0900,적설없음,55,127
592,20250523,0800,TMP,20250525,1000,19,55,127
593,20250523,0800,UUU,20250525,1000,0.7,55,127
594,20250523,0800,VVV,20250525,1000,0.6,55,127
595,20250523,0800,VEC,20250525,1000,229,55,127
596,20250523,0800,WSD,20250525,1000,0.9,55,127
597,20250523,0800,SKY,20250525,1000,1,55,127
598,20250523,0800,PTY,20250525,1000,0,55,127
599,20250523,0800,POP,20250525,1000,0,55,127
600,20250523,0800,WAV,20250525,1000,-999,55,127
601,20250523,0800,PCP,20250525,1000,강수없음,55,127
602,20250523,0800,REH,20250525,1000,60,55,127
603,20250523,0800,SNO,20250525,1000,적설없음,55,127
604,20250523,0800,TMP,20250525,1100,20,55,127
605,20250523,0800,UUU,20250525,1100,2,55,127
606,20250523,0800,VVV,20250525,1100,0.4,55,127
607,20250523,0800,VEC,20250525,1100,259,55,127
608,20250523,0800,WSD,20250525,1100,2,55,127
609,20250523,0800,SKY,20250525,1100,1,55,127
610,20250523,0800,PTY,20250525,1100,0,55,127
611,20250523,0800,POP,20250525,1100,0,55,127
612,20250523,0800,WAV,20250525,1100,-999,55,127
613,20250523,0800,PCP,20250525,1100,강수없음,55,127
614,20250523,0800,REH,20250525,1100,60,55,127
615,20250523,0800,SNO,20250525,1100,적설없음,55,127
616,20250523,0800,TMP,20250525,1200,21,55,127
617,20250523,0800,UUU,20250525,1200,3,55,127
618,20250523,0800,VVV,20250525,1200,0.7,55,127
619,20250523,0800,VEC,20250525,1200,257,55,127
620,20250523,0800,WSD,20250525,1200,3.1,55,127
621,20250523,0800,SKY,20250525,1200,1,55,127
622,20250523,0800,PTY,20250525,1200,0,55,127
623,20250523,0800,POP,20250525,1200,0,55,127
624,20250523,0800,WAV,20250525,1200,-999,55,127
625,20250523,0800,PCP,20250525,1200,강수없음,55,127
626,20250523,0800,REH,20250525,1200,60,55,127
627,20250523,0800,SNO,20250525,1200,적설없음,55,127
628,20250523,0800,TMP,20250525,1300,21,55,127
629,20250523,0800,UUU,20250525,1300,3.6,55,127
630,20250523,0800,VVV,20250525,1300,1,55,127
631,20250523,0800,VEC,20250525,1300,254,55,127
632,20250523,0800,WSD,20250525,1300,3.7,55,127
633,20250523,0800,SKY,20250525,1300,1,55,127
634,20250523,0800,PTY,20250525,1300,0,55,127
635,20250523,0800,POP,20250525,1300,0,55,127
636,20250523,0800,WAV,20250525,1300,-999,55,127
637,20250523,0800,PCP,20250525,1300,강수없음,55,127
638,20250523,0800,REH,20250525,1300,55,55,127
639,20250523,0800,SNO,20250525,1300,적설없음,55,127
640,20250523,0800,TMP,20250525,1400,21,55,127
641,20250523,0800,UUU,20250525,1400,4.1,55,127
642,20250523,0800,VVV,20250525,1400,1,55,127
643,20250523,0800,VEC,20250525,1400,256,55,127
644,20250523,0800,WSD,20250525,1400,4.2,55,127
645,20250523,0800,SKY,20250525,1400,1,55,127
646,20250523,0800,PTY,20250525,1400,0,55,127
647,20250523,0800,POP,20250525,1400,0,55,127
648,20250523,0800,WAV,20250525,1400,-999,55,127
649,20250523,0800,PCP,20250525,1400,강수없음,55,127
650,20250523,0800,REH,20250525,1400,55,55,127
651,20250523,0800,SNO,20250525,1400,적설없음,55,127
652,20250523,0800,TMP,20250525,1500,21,55,127
653,20250523,0800,UUU,20250525,1500,4,55,127
654,20250523,0800,VVV,20250525,1500,0.7,55,127
655,20250523,0800,VEC,20250525,1500,260,55,127
656,20250523,0800,WSD,20250525,1500,4.1,55,127
657,20250523,0800,SKY,20250525,1500,1,55,127
658,20250523,0800,PTY,20250525,1500,0,55,127
659,20250523,0800,POP,20250525,1500,0,55,127
660,20250523,0800,WAV,20250525,1500,-999,55,127
661,20250523,0800,PCP,20250525,1500,강수없음,55,127
662,20250523,0800,REH,20250525,1500,55,55,127
663,20250523,0800,SNO,20250525,1500,적설없음,55,127
664,20250523,0800,TMX,20250525,1500,21.0,55,127
665,20250523,0800,TMP,20250525,1600,21,55,127
666,20250523,0800,UUU,20250525,1600,3.5,55,127
667,20250523,0800,VVV,20250525,1600,0.6,55,127
668,20250523,0800,VEC,20250525,1600,260,55,127
669,20250523,0800,WSD,20250525,1600,3.6,55,127
670,20250523,0800,SKY,20250525,1600,1,55,127
671,20250523,0800,PTY,20250525,1600,0,55,127
672,20250523,0800,POP,20250525,1600,0,55,127
673,20250523,0800,WAV,20250525,1600,-999,55,127
674,20250523,0800,PCP,20250525,1600,강수없음,55,127
675,20250523,0800,REH,20250525,1600,60,55,127
676,20250523,0800,SNO,20250525,1600,적설없음,55,127
677,20250523,0800,TMP,20250525,1700,20,55,127
678,20250523,0800,UUU,20250525,1700,2.9,55,127
679,20250523,0800,VVV,20250525,1700,0.9,55,127
680,20250523,0800,VEC,20250525,1700,253,55,127
681,20250523,0800,WSD,20250525,1700,3,55,127
682,20250523,0800,SKY,20250525,1700,1,55,127
683,20250523,0800,PTY,20250525,1700,0,55,127
684,20250523,0800,POP,20250525,1700,0,55,127
685,20250523,0800,WAV,20250525,1700,-999,55,127
686,20250523,0800,PCP,20250525,1700,강수없음,55,127
687,20250523,0800,REH,20250525,1700,60,55,127
688,20250523,0800,SNO,20250525,1700,적설없음,55,127
689,20250523,0800,TMP,20250525,1800,19,55,127
690,20250523,0800,UUU,20250525,1800,2.1,55,127
691,20250523,0800,VVV,20250525,1800,0.9,55,127
692,20250523,0800,VEC,20250525,1800,247,55,127
693,20250523,0800,WSD,20250525,1800,2.3,55,127
694,20250523,0800,SKY,20250525,1800,1,55,127
695,20250523,0800,PTY,20250525,1800,0,55,127
696,20250523,0800,POP,20250525,1800,0,55,127
697,20250523,0800,WAV,20250525,1800,-999,55,127
698,20250523,0800,PCP,20250525,1800,강수없음,55,127
699,20250523,0800,REH,20250525,1800,65,55,127
700,20250523,0800,SNO,20250525,1800,적설없음,55,127
701,20250523,0800,TMP,20250525,1900,18,55,127
702,20250523,0800,UUU,20250525,1900,1.5,55,127
703,20250523,0800,VVV,20250525,1900,0.7,55,127
704,20250523,0800,VEC,20250525,1900,245,55,127
705,20250523,0800,WSD,20250525,1900,1.7,55,127
706,20250523,0800,SKY,20250525,1900,1,55,127
707,20250523,0800,PTY,20250525,1900,0,55,127
708,20250523,0800,POP,20250525,1900,0,55,127
709,20250523,0800,WAV,20250525,1900,-999,55,127
710,20250523,0800,PCP,20250525,1900,강수없음,55,127
711,20250523,0800,REH,20250525,1900,70,55,127
712,20250523,0800,SNO,20250525,1900,적설없음,55,127
713,20250523,0800,TMP,20250525,2000,16,55,127
714,20250523,0800,UUU,20250525,2000,0.9,55,127
715,20250523,0800,VVV,20250525,2000,0.9,55,127
716,20250523,0800,VEC,20250525,2000,225,55,127
717,20250523,0800,WSD,20250525,2000,1.3,55,127
718,20250523,0800,SKY,20250525,2000,1,55,127
719,20250523,0800,PTY,20250525,2000,0,55,127
720,20250523,0800,POP,20250525,2000,0,55,127
721,20250523,0800,WAV,20250525,2000,-999,55,127
722,20250523,0800,PCP,20250525,2000,강수없음,55,127
723,20250523,0800,REH,20250525,2000,75,55,127
724,20250523,0800,SNO,20250525,2000,적설없음,55,127
725,20250523,0800,TMP,20250525,2100,15,55,127
726,20250523,0800,UUU,20250525,2100,0.6,55,127
727,20250523,0800,VVV,20250525,2100,1.1,55,127
728,20250523,0800,VEC,20250525,2100,209,55,127
729,20250523,0800,WSD,20250525,2100,1.3,55,127
730,20250523,0800,SKY,20250525,2100,1,55,127
731,20250523,0800,PTY,20250525,2100,0,55,127
732,20250523,0800,POP,20250525,2100,0,55,127
733,20250523,0800,WAV,20250525,2100,-999,55,127
734,20250523,0800,PCP,20250525,2100,강수없음,55,127
735,20250523,0800,REH,20250525,2100,80,55,127
736,20250523,0800,SNO,20250525,2100,적설없음,55,127
737,20250523,0800,TMP,20250525,2200,15,55,127
738,20250523,0800,UUU,20250525,2200,0.4,55,127
739,20250523,0800,VVV,20250525,2200,1.1,55,127
740,20250523,0800,VEC,20250525,2200,200,55,127
741,20250523,0800,WSD,20250525,2200,1.2,55,127
742,20250523,0800,SKY,20250525,2200,1,55,127
743,20250523,0800,PTY,20250525,2200,0,55,127
744,20250523,0800,POP,20250525,2200,0,55,127
745,20250523,0800,WAV,20250525,2200,-999,55,127
746,20250523,0800,PCP,20250525,2200,강수없음,55,127
747,20250523,0800,REH,20250525,2200,85,55,127
748,20250523,0800,SNO,20250525,2200,적설없음,55,127
749,20250523,0800,TMP,20250525,2300,14,55,127
750,20250523,0800,UUU,20250525,2300,0.4,55,127
751,20250523,0800,VVV,20250525,2300,0.9,55,127
752,20250523,0800,VEC,20250525,2300,204,55,127
753,20250523,0800,WSD,20250525,2300,1,55,127
754,20250523,0800,SKY,20250525,2300,1,55,127
755,20250523,0800,PTY,20250525,2300,0,55,127
756,20250523,0800,POP,20250525,2300,0,55,127
757,20250523,0800,WAV,20250525,2300,-999,55,127
758,20250523,0800,PCP,20250525,2300,강수없음,55,127
759,20250523,0800,REH,20250525,2300,90,55,127
760,20250523,0800,SNO,20250525,2300,적설없음,55,127
761,20250523,0800,TMP,20250526,0000,14,55,127
762,20250523,0800,UUU,20250526,0000,0.6,55,127
763,20250523,0800,VVV,20250526,0000,0.8,55,127
764,20250523,0800,VEC,20250526,0000,217,55,127
765,20250523,0800,WSD,20250526,0000,1,55,127
766,20250523,0800,SKY,20250526,0000,1,55,127
767,20250523,0800,PTY,20250526,0000,0,55,127
768,20250523,0800,POP,20250526,0000,0,55,127
769,20250523,0800,WAV,20250526,0000,-999,55,127
770,20250523,0800,PCP,20250526,0000,강수없음,55,127
771,20250523,0800,REH,20250526,0000,90,55,127
772,20250523,0800,SNO,20250526,0000,적설없음,55,127
773,20250523,0800,TMP,20250526,0300,12,55,127
774,20250523,0800,UUU,20250526,0300,-0.2,55,127
775,20250523,0800,VVV,20250526,0300,0.8,55,127
776,20250523,0800,VEC,20250526,0300,159,55,127
777,20250523,0800,WSD,20250526,0300,1,55,127
778,20250523,0800,SKY,20250526,0300,1,55,127
779,20250523,0800,PTY,20250526,0300,0,55,127
780,20250523,0800,POP,20250526,0300,0,55,127
781,20250523,0800,WAV,20250526,0300,-999,55,127
782,20250523,0800,PCP,20250526,0300,0,55,127
783,20250523,0800,REH,20250526,0300,95,55,127
784,20250523,0800,SNO,20250526,0300,0,55,127
785,20250523,0800,TMP,20250526,0600,12,55,127
786,20250523,0800,UUU,20250526,0600,-0.8,55,127
787,20250523,0800,VVV,20250526,0600,0.9,55,127
788,20250523,0800,VEC,20250526,0600,135,55,127
789,20250523,0800,WSD,20250526,0600,1,55,127
790,20250523,0800,SKY,20250526,0600,1,55,127
791,20250523,0800,PTY,20250526,0600,0,55,127
792,20250523,0800,POP,20250526,0600,0,55,127
793,20250523,0800,WAV,20250526,0600,-999,55,127
794,20250523,0800,PCP,20250526,0600,0,55,127
795,20250523,0800,REH,20250526,0600,100,55,127
796,20250523,0800,SNO,20250526,0600,0,55,127
797,20250523,0800,TMN,20250526,0600,12.0,55,127
798,20250523,0800,TMP,20250526,0900,18,55,127
799,20250523,0800,UUU,20250526,0900,-0.1,55,127
800,20250523,0800,VVV,20250526,0900,2.7,55,127
801,20250523,0800,VEC,20250526,0900,176,55,127
802,20250523,0800,WSD,20250526,0900,1,55,127
803,20250523,0800,SKY,20250526,0900,1,55,127
804,20250523,0800,PTY,20250526,0900,0,55,127
805,20250523,0800,POP,20250526,0900,0,55,127
806,20250523,0800,WAV,20250526,0900,-999,55,127
807,20250523,0800,PCP,20250526,0900,0,55,127
808,20250523,0800,REH,20250526,0900,70,55,127
809,20250523,0800,SNO,20250526,0900,0,55,127
810,20250523,0800,TMP,20250526,1200,22,55,127
811,20250523,0800,UUU,20250526,1200,2.5,55,127
812,20250523,0800,VVV,20250526,1200,2.8,55,127
813,20250523,0800,VEC,20250526,1200,222,55,127
814,20250523,0800,WSD,20250526,1200,1,55,127
815,20250523,0800,SKY,20250526,1200,1,55,127
816,20250523,0800,PTY,20250526,1200,0,55,127
817,20250523,0800,POP,20250526,1200,0,55,127
818,20250523,0800,WAV,20250526,1200,-999,55,127
819,20250523,0800,PCP,20250526,1200,0,55,127
820,20250523,0800,REH,20250526,1200,65,55,127
821,20250523,0800,SNO,20250526,1200,0,55,127
822,20250523,0800,TMP,20250526,1500,23,55,127
823,20250523,0800,UUU,20250526,1500,3.5,55,127
824,20250523,0800,VVV,20250526,1500,2.8,55,127
825,20250523,0800,VEC,20250526,1500,231,55,127
826,20250523,0800,WSD,20250526,1500,2,55,127
827,20250523,0800,SKY,20250526,1500,1,55,127
828,20250523,0800,PTY,20250526,1500,0,55,127
829,20250523,0800,POP,20250526,1500,0,55,127
830,20250523,0800,WAV,20250526,1500,-999,55,127
831,20250523,0800,PCP,20250526,1500,0,55,127
832,20250523,0800,REH,20250526,1500,60,55,127
833,20250523,0800,SNO,20250526,1500,0,55,127
834,20250523,0800,TMX,20250526,1500,24.0,55,127
835,20250523,0800,TMP,20250526,1800,20,55,127
836,20250523,0800,UUU,20250526,1800,1.8,55,127
837,20250523,0800,VVV,20250526,1800,1.3,55,127
838,20250523,0800,VEC,20250526,1800,234,55,127
839,20250523,0800,WSD,20250526,1800,1,55,127
840,20250523,0800,SKY,20250526,1800,1,55,127
841,20250523,0800,PTY,20250526,1800,0,55,127
842,20250523,0800,POP,20250526,1800,0,55,127
843,20250523,0800,WAV,20250526,1800,-999,55,127
844,20250523,0800,PCP,20250526,1800,0,55,127
845,20250523,0800,REH,20250526,1800,70,55,127
846,20250523,0800,SNO,20250526,1800,0,55,127
847,20250523,0800,TMP,20250526,2100,16,55,127
848,20250523,0800,UUU,20250526,2100,0.6,55,127
849,20250523,0800,VVV,20250526,2100,1.8,55,127
850,20250523,0800,VEC,20250526,2100,198,55,127
851,20250523,0800,WSD,20250526,2100,1,55,127
852,20250523,0800,SKY,20250526,2100,1,55,127
853,20250523,0800,PTY,20250526,2100,0,55,127
854,20250523,0800,POP,20250526,2100,10,55,127
855,20250523,0800,WAV,20250526,2100,-999,55,127
856,20250523,0800,PCP,20250526,2100,0,55,127
857,20250523,0800,REH,20250526,2100,85,55,127
858,20250523,0800,SNO,20250526,2100,0,55,127
859,20250523,0800,TMP,20250527,0000,15,55,127
860,20250523,0800,UUU,20250527,0000,0.3,55,127
861,20250523,0800,VVV,20250527,0000,0.9,55,127
862,20250523,0800,VEC,20250527,0000,198,55,127
863,20250523,0800,WSD,20250527,0000,1,55,127
864,20250523,0800,SKY,20250527,0000,1,55,127
865,20250523,0800,PTY,20250527,0000,0,55,127
866,20250523,0800,POP,20250527,0000,10,55,127
867,20250523,0800,WAV,20250527,0000,-999,55,127
868,20250523,0800,PCP,20250527,0000,0,55,127
869,20250523,0800,REH,20250527,0000,90,55,127
870,20250523,0800,SNO,20250527,0000,0,55,127
